"snapshot_ts","vehicle_id","lat","lon","eucl_wgs84_manual_m","st_transform_eucl_m","haversine_manual_m","st_distance_sphere_m","st_distance_spheroid_m"
"2026-06-07 08:08:18.000",1236,59.41227,24.63508,2056.6929048686047,2058.9344955851666,2053.5159000440335,2053.520412566896,2058.8960419486475
"2026-06-07 08:08:49.000",1236,59.41229,24.63603,2020.1148440327322,2022.2202868694917,2016.9656195559317,2016.9700517606298,2022.1825142892485
"2026-06-07 08:09:19.000",1236,59.41285,24.63657,1952.6887485491768,1954.7645426051974,1949.656665904089,1949.6609502009405,1954.72790410523
"2026-06-07 08:09:49.000",1236,59.41226,24.63967,1897.355500268819,1898.9473634576548,1894.282635871941,1894.2867984861903,1898.9119000580658
"2026-06-07 08:10:19.000",1236,59.41213,24.64074,1875.3487648661987,1876.7880784736174,1872.271575027625,1872.2756892732964,1876.753056971292
"2026-06-07 08:10:49.000",1236,59.41386,24.64012,1738.6314859003562,1740.2840244841204,1735.873261512131,1735.877076028251,1740.2512037425745
"2026-06-07 08:11:19.000",1236,59.41513,24.63961,1647.9520507889385,1649.7861486809304,1645.4173913308143,1645.4210070727088,1649.7547932435323
"2026-06-07 08:11:50.000",1236,59.4158,24.63969,1589.7043417569375,1591.5879310533444,1587.2932987641614,1587.2967867803857,1591.557558737654
"2026-06-07 08:12:20.000",1236,59.41843,24.64175,1301.2645654389557,1303.0937592056673,1299.376501769785,1299.3793571006656,1303.0684964173427
"2026-06-07 08:12:50.000",1236,59.41954,24.64599,1041.9985194328194,1043.2950477538539,1040.436333694711,1040.438620014044,1043.2746876662918
"2026-06-07 08:13:20.000",1236,59.42015,24.64504,1034.828301109462,1036.3296510144837,1033.340633468232,1033.3429041946372,1036.3093536599147
"2026-06-07 08:13:50.000",1236,59.42138,24.64342,1028.0654562283648,1029.9452870609616,1026.7033895908278,1026.705645732005,1029.9249679452219
"2026-06-07 08:14:20.000",1236,59.42278,24.64647,800.3869472281308,801.9422729279831,799.3538882114642,799.3556447610481,801.9263216944294
"2026-06-07 08:14:51.000",1236,59.42365,24.64878,639.5780406064582,640.867250446835,638.7663610848773,638.7677647497555,640.8544383711506
"2026-06-07 08:15:22.000",1236,59.42408,24.65035,538.6516921715249,539.7438906054017,537.9700047410529,537.9711869097928,539.7330732005317
"2026-06-07 08:15:52.000",1236,59.42533,24.65552,214.5296140268551,214.9567600587307,214.25575783548106,214.25622865437157,214.95242070792483
"2026-06-07 08:16:22.000",1236,59.42627,24.65948,34.06930975279657,34.15158694921476,34.03013411707331,34.03020889721668,34.15089379212282
"2026-06-07 08:16:53.000",1236,59.42658,24.66098,125.31318213440663,125.5940896051353,125.16259095596108,125.16286599578923,125.59153595016211
"2026-06-07 08:17:23.000",1236,59.42722,24.66612,424.55493950189845,425.5467676697255,424.0567267923185,424.0576586408667,425.5380834609586
"2026-06-07 08:17:54.000",1236,59.42764,24.67134,722.710283888877,724.437612488939,721.8738219361486,721.8754082266786,724.4227932826116
"2026-06-07 08:18:24.000",1236,59.42769,24.673,815.7600498734148,817.7254832605944,814.8205874433207,814.8223779810243,817.7087509713878
"2026-06-07 08:18:54.000",1236,59.42825,24.67848,1132.2414951845851,1134.9711066378188,1130.9380290135496,1130.9405142068767,1134.9478087176142
"2026-06-07 08:19:24.000",1236,59.42858,24.68094,1276.0922208291138,1279.1606867962287,1274.620755154066,1274.6235560850198,1279.134379780692
"2026-06-07 08:19:55.000",1236,59.42917,24.68604,1572.2006219389525,1575.9766065662752,1570.386322550693,1570.3897734149464,1575.944086696524
"2026-06-07 08:20:25.000",1236,59.42942,24.69157,1884.571189461439,1889.1348914919643,1882.4076042557751,1882.4117407749795,1889.0958544451307
"2026-06-07 08:20:56.000",1236,59.42946,24.69291,1959.933247286544,1964.6886265260325,1957.685882960678,1957.690184901201,1964.6480190349725
"2026-06-07 08:21:26.000",1236,59.42935,24.69677,2173.095750215127,2178.412684784421,2170.6172351907703,2170.622005039778,2178.367687793736
"2026-06-07 08:21:57.000",1236,59.42924,24.69867,2277.4913853522744,2283.086055451908,2274.9004831404254,2274.9054821479563,2283.038925616023
"2026-06-07 08:22:27.000",1236,59.42908,24.7023,2478.582110050482,2484.7035383552497,2475.7722594985953,2475.777699914175,2484.652292823581
"2026-06-07 08:22:58.000",1236,59.42907,24.70433,2592.466043046718,2598.8786283196578,2589.5300447024347,2589.535735096416,2598.825030958918
"2026-06-07 08:23:28.000",1236,59.42906,24.70426,2588.396226440451,2594.799116252711,2585.4649495357044,2585.470630996669,2594.745606056303
"2026-06-07 08:23:58.000",1236,59.42941,24.70597,2689.3880819770616,2696.02403577588,2686.3373788079884,2686.3432819322966,2695.968327875403
"2026-06-07 08:24:28.000",1236,59.43083,24.71122,3007.218427076104,3014.55152586016,3003.7809456098003,3003.7875463044757,3014.4887358172855
"2026-06-07 08:24:59.000",1236,59.43138,24.71293,3113.377726631083,3120.9317466105817,3109.8074648956244,3109.814298579544,3120.866539947505
"2026-06-07 08:25:29.000",1236,59.43234,24.71574,3290.3383116679024,3298.24966473613,3286.5434232225157,3286.550645276826,3298.180382613422
"2026-06-07 08:25:59.000",1236,59.43327,24.71897,3491.2628156501914,3499.5910680519783,3487.2162263045566,3487.2238893298145,3499.5171752139063
"2026-06-07 08:26:29.000",1236,59.43339,24.71986,3543.362248014745,3551.813007079186,3539.254718859041,3539.26249623709,3551.7379615893415
"2026-06-07 08:27:00.000",1236,59.43385,24.72219,3683.4727939598574,3692.2356462552957,3679.1961582411077,3679.2042431353057,3692.1574345747713
"2026-06-07 08:27:30.000",1236,59.43408,24.7235,3761.549136490593,3770.4890907883832,3757.179221794439,3757.1874780529815,3770.4091197142297
"2026-06-07 08:28:00.000",1236,59.43454,24.72565,3891.8990062238727,3901.124527100842,3887.3703176585395,3887.3788600076114,3901.0415746566077
"2026-06-07 08:28:30.000",1236,59.43499,24.73177,4240.45416591353,4250.544637380124,4235.531361735268,4235.540669154862,4250.454030002601
"2026-06-07 08:29:00.000",1236,59.4354,24.73288,4312.217124420082,4322.444691156988,4307.2008464840765,4307.210311394863,4322.352342997298
"2026-06-07 08:29:31.000",1236,59.43684,24.73343,4382.979026141092,4393.193936855856,4377.826118840673,4377.835738947778,4393.0993339676215
"2026-06-07 08:30:01.000",1236,59.43862,24.73554,4554.22269415377,4564.620800888031,4548.803437261806,4548.813433085181,4564.521550488106
"2026-06-07 08:30:31.000",1236,59.43962,24.73824,4733.994182500639,4744.715834546281,4728.334743558636,4728.345133895132,4744.612109136218
"2026-06-07 08:31:01.000",1236,59.44039,24.74005,4858.492561610794,4869.422569626062,4852.662051406348,4852.67271494689,4869.315675805006
"2026-06-07 08:31:32.000",1236,59.44202,24.74451,5156.967295930597,5168.429664564826,5150.736490262985,5150.747808811329,5168.31521228449
"2026-06-07 08:32:02.000",1236,59.4426,24.74838,5384.916894479858,5396.908745877358,5378.417315367029,5378.429134235368,5396.78886378337
"2026-06-07 08:32:32.000",1236,59.44339,24.75044,5524.576439989394,5536.810544322585,5517.887461649683,5517.899586998058,5536.68703732879
"2026-06-07 08:33:02.000",1236,59.44302,24.7515,5566.929992857385,5579.352559190423,5560.218179374818,5560.230397743496,5579.2283470846405
"2026-06-07 08:33:32.000",1236,59.44034,24.75512,5670.501569538978,5683.662446013959,5663.817470310013,5663.829916334096,5683.537709192893
"2026-06-07 08:34:02.000",1236,59.43972,24.75742,5777.373606889257,5790.914191720347,5770.603103425116,5770.615784106598,5790.787523918801
"2026-06-07 08:34:32.000",1236,59.43946,24.76029,5927.1301764338095,5941.107678921535,5920.209946283639,5920.222955720214,5940.977907356299
"2026-06-07 08:35:02.000",1236,59.43971,24.76266,6063.990103694523,6078.2982452021815,6056.912351352029,6056.925661187448,6078.165297493251
"2026-06-07 08:35:32.000",1236,59.43976,24.76296,6081.820182540353,6096.16901632102,6074.721189425536,6074.734538395199,6096.035641756945
"2026-06-07 08:36:02.000",1236,59.44083,24.76821,6399.35519158207,6414.403562790701,6391.870319238527,6391.884365130835,6414.262415470579
"2026-06-07 08:36:33.000",1236,59.44186,24.77295,6688.096260747089,6703.77163472004,6680.2577188927235,6680.272398506004,6703.623304013026
"2026-06-07 08:37:03.000",1236,59.44305,24.77842,7021.645575575438,7038.043884108076,7013.39802097277,7013.4134326490575,7037.887166452906
"2026-06-07 08:37:33.000",1236,59.44339,24.78271,7265.808364133685,7282.813279635408,7257.284740515209,7257.300688122958,7282.650817812264
"2026-06-07 08:38:03.000",1236,59.44329,24.78482,7378.229446639732,7395.550191351723,7369.589736025652,7369.605930419544,7395.385301488349
"2026-06-07 08:38:33.000",1236,59.4425,24.78923,7598.283580063334,7616.298891659876,7589.439719347859,7589.456396853835,7616.1297897640925
"2026-06-07 08:39:03.000",1236,59.44236,24.79099,7691.420291786327,7709.700752052603,7682.481326213532,7682.498208174909,7709.5297033551915
"2026-06-07 08:39:33.000",1236,59.44267,24.79333,7828.254892393836,7846.857923578748,7819.15595397804,7819.173136276865,7846.683543795442
"2026-06-07 08:40:03.000",1236,59.44296,24.79493,7923.8508521838585,7942.669760574951,7914.637283355088,7914.654675470413,7942.492978885233
"2026-06-07 08:40:34.000",1236,59.44358,24.7962,8010.075103442744,8029.0415806439105,8000.743883984193,8000.7614653150285,8028.8622876830605
"2026-06-07 08:41:04.000",1236,59.44575,24.79966,8260.413757582262,8279.747622550387,8250.7224776914,8250.740608341082,8279.560603476686
"2026-06-07 08:41:34.000",1236,59.44765,24.80269,8482.916822182384,8502.566094696609,8472.902122312997,8472.920741194053,8502.37212616122
"2026-06-07 08:42:04.000",1236,59.44954,24.80554,8698.185008928549,8718.118606034912,8687.851076735878,8687.87016795888,8717.917762124465
"2026-06-07 08:42:34.000",1236,59.45164,24.8076,8881.11458518714,8901.194322233972,8870.480490743981,8870.499983288513,8900.987036030401
"2026-06-07 08:43:05.000",1236,59.45295,24.80837,8969.68138914291,8989.772298299507,8958.883949718549,8958.903636526347,8989.56154587188
"2026-06-07 08:43:35.000",1236,59.45523,24.80989,9137.352837699329,9157.483629605551,9126.25179894127,9126.271853533402,9157.266453208844
"2026-06-07 08:44:05.000",1236,59.45742,24.81189,9331.184355731546,9351.427858563316,9319.752437617426,9319.772917420209,9351.203633112635
"2026-06-07 08:44:35.000",1236,59.45863,24.81378,9480.913436708322,9501.335118916206,9469.253432154945,9469.27424048009,9501.105921570886
"2026-06-07 08:45:06.000",1236,59.46011,24.81748,9737.42539223981,9758.27296305321,9725.411053494772,9725.432424716777,9758.03583460994
"2026-06-07 08:45:36.000",1236,59.46082,24.82014,9906.781332572886,9927.966435155851,9894.550063455816,9894.571806354486,9927.724336007881
"2026-06-07 08:46:07.000",1236,59.46179,24.8238,10139.533356685453,10161.183490801173,10127.004270282368,10127.026523990504,10160.934519104921
"2026-06-07 08:46:37.000",1236,59.46372,24.8282,10453.00974126055,10475.14986416782,10440.03823854908,10440.061180136747,10474.89076649299
"2026-06-07 08:47:08.000",1236,59.46439,24.8296,10555.44577348798,10577.73646968519,10542.326792814785,10542.34995917772,10577.473980756626
"2026-06-07 08:47:38.000",1236,59.46608,24.83275,10794.701170494769,10817.31328137015,10781.22852746514,10781.25221880596,10817.042642779183
"2026-06-07 08:48:08.000",1236,59.46729,24.83393,10911.282213534765,10933.960708845341,10897.609904301104,10897.633851385539,10933.685555068541
"2026-06-07 08:48:38.000",1236,59.46981,24.83515,11093.66652474621,11116.292018239415,11079.634314388339,11079.658661464395,11116.008890400544
"2026-06-07 08:49:08.000",1236,59.47164,24.83602,11228.10960989781,11250.69130206749,11213.810625610155,11213.835267533623,11250.402258109096
"2026-06-07 08:49:38.000",1236,59.47411,24.83778,11442.471564871326,11465.080499667605,11427.776548403117,11427.801660508218,11464.782512086918
"2026-06-07 08:50:08.000",1236,59.47422,24.84123,11621.130163877055,11644.256074688368,11606.254742239995,11606.280246544911,11643.953272439325
"2026-06-07 08:50:39.000",1236,59.47523,24.84544,11884.261807675337,11907.932459888383,11869.055022310464,11869.08110410886,11907.621337065315
"2026-06-07 08:51:09.000",1236,59.47747,24.84694,12075.381854268773,12099.061350721226,12059.817118021343,12059.843619012141,12098.741936359711
"2026-06-07 08:51:39.000",1236,59.4791,24.85018,12322.76808666895,12346.78231593849,12306.837923267018,12306.86496707682,12346.453907259665
"2026-06-07 08:52:09.000",1236,59.47989,24.85404,12556.574049146582,12581.10159661957,12540.35818638261,12540.385743344092,12580.765740188048
"2026-06-07 08:52:39.000",1236,59.48034,24.85525,12640.585944448274,12665.254288676442,12624.25417702636,12624.281918346145,12664.91548931629
"2026-06-07 08:53:09.000",1236,59.4823,24.85863,12912.924475961907,12937.915969171025,12896.17650745749,12896.204846316166,12937.566775574362
"2026-06-07 08:53:39.000",1236,59.48458,24.86178,13192.158205615375,13217.404889428566,13174.96029339652,13174.98924487173,13217.044461825111
"2026-06-07 08:54:09.000",1236,59.48671,24.86423,13430.112702549637,13455.521269511155,13412.514398719322,13412.543872211294,13455.150832562722
"2026-06-07 08:54:39.000",1236,59.48706,24.86673,13572.008994473123,13597.76685777387,13554.2486306463,13554.278415593937,13597.391918431666
"2026-06-07 08:55:09.000",1236,59.48807,24.87019,13797.626844572735,13823.815018158884,13779.570800422007,13779.601080505625,13823.432128093507
"2026-06-07 08:55:40.000",1236,59.48909,24.87366,14024.28459273936,14050.903641305695,14005.931035014333,14005.961812516989,14050.512696558693
"2026-06-07 08:56:10.000",1236,59.49044,24.87835,14329.036002773497,14356.240361157657,14310.284178859525,14310.315625166162,14355.838531780686
"2026-06-07 08:56:40.000",1236,59.49003,24.88041,14407.586982944335,14435.149452181298,14388.795480270051,14388.827099102104,14434.746140608368
"2026-06-07 08:57:10.000",1236,59.48931,24.88089,14391.979044309332,14419.687512322556,14373.261424022854,14373.293008719378,14419.285909580529
"2026-06-07 08:57:40.000",1236,59.48647,24.88211,14301.491919613616,14329.669780569986,14283.088016751899,14283.119403296285,14329.2756830047
"2026-06-07 08:58:10.000",1236,59.48371,24.88513,14312.807760382195,14341.71647863075,14294.604593762833,14294.636005614266,14341.326897812849
"2026-06-07 08:58:40.000",1236,59.48162,24.8892,14418.237895755461,14447.965688299173,14400.084436392528,14400.116080032312,14447.576910246607
"2026-06-07 08:59:10.000",1236,59.48111,24.89078,14475.06417513101,14505.079872349896,14456.890839748186,14456.92260821768,14504.690459538595
"2026-06-07 08:59:40.000",1236,59.48133,24.89079,14485.910432742983,14515.90706596699,14467.710800243383,14467.742592489376,14515.516972378022
"2026-06-07 09:00:11.000",1236,59.48133,24.89074,14483.348395311265,14513.337433949608,14465.15129632427,14465.183082945887,14512.947409467484
"2026-06-07 09:00:41.000",1236,59.48133,24.89074,14483.348395311265,14513.337433949608,14465.15129632427,14465.183082945887,14512.947409467484
"2026-06-07 09:01:11.000",1236,59.48134,24.89083,14488.43058040386,14518.43235282363,14470.227747017801,14470.259544794615,14518.042173593576
"2026-06-07 09:01:41.000",1236,59.48136,24.89091,14493.470874436529,14523.482925258108,14475.261639270193,14475.293448108408,14523.09257472797
"2026-06-07 09:02:11.000",1236,59.48136,24.89091,14493.470874436529,14523.482925258108,14475.261639270193,14475.293448108408,14523.09257472797
"2026-06-07 09:02:41.000",1236,59.48135,24.89085,14489.925904392321,14519.929778185937,14471.720883542475,14471.752684600064,14519.539540954915
"2026-06-07 09:03:11.000",1236,59.48135,24.89085,14489.925904392321,14519.929778185937,14471.720883542475,14471.752684600064,14519.539540954915
"2026-06-07 09:03:41.000",1236,59.48131,24.89088,14489.581836770081,14519.594012316966,14471.37999038006,14471.411790688333,14519.203855028984
"2026-06-07 09:04:12.000",1236,59.48131,24.89088,14489.581836770081,14519.594012316966,14471.37999038006,14471.411790688333,14519.203855028984
"2026-06-07 09:04:42.000",1236,59.48131,24.89088,14489.581836770081,14519.594012316966,14471.37999038006,14471.411790688333,14519.203855028984
"2026-06-07 09:05:12.000",1236,59.48136,24.89084,14489.884068935524,14519.885487282125,14471.67838059059,14471.710181554774,14519.495233513193
"2026-06-07 09:05:42.000",1236,59.48136,24.89084,14489.884068935524,14519.885487282125,14471.67838059059,14471.710181554774,14519.495233513193
