stop_id,stop_code,stop_name,stop_desc,stop_lat,stop_lon,stop_url,location_type,parent_station,thoreb_id,date,source
162013,47234-1,Lutsu,,59.41135,24.6094,,,,6714,2026-05-23,gtfs
12208,20813-3,Harkujärve,,59.41271,24.60674,,,,12208,2026-05-23,gtfs
12230,47009-1,Harkujärve,,59.41271,24.60634,,,,12230,2026-05-23,gtfs
12197,47004-1,Kiriku,,59.41596,24.60174,,,,12197,2026-05-23,gtfs
12198,47003-1,Kiriku,,59.4158,24.60264,,,,12198,2026-05-23,gtfs
803,00118-1,Jõeküla,,59.43552,24.58253,,,,803,2026-05-23,gtfs
804,00119-1,Jõeküla,,59.43609,24.58117,,,,804,2026-05-23,gtfs
4622,21552-1,Tiskre,,59.43326,24.56333,,,,4622,2026-05-23,gtfs
801,00116-1,Tiskre oja,,59.43157,24.59982,,,,801,2026-05-23,gtfs
802,00117-1,Tiskre oja,,59.43164,24.60062,,,,802,2026-05-23,gtfs
126778,47040-1,Vahepere,,59.43694,24.57434,,,,64,2026-05-23,gtfs
148041,47225-1,Vana-Rannamõisa tee,,59.43245,24.59445,,,,5784,2026-05-23,gtfs
148042,47226-1,Vana-Rannamõisa tee,,59.43326,24.59223,,,,5785,2026-05-23,gtfs
12201,47005-1,Alasniidu tee,,59.41796,24.58739,,,,12201,2026-05-23,gtfs
12202,47006-1,Alasniidu tee,,59.4172,24.58638,,,,12202,2026-05-23,gtfs
12203,47007-1,Oja tee,,59.41466,24.58343,,,,12203,2026-05-23,gtfs
2876,20101-1,Kabelikivi,,59.48069,24.94412,,,,2876,2026-05-23,gtfs
2877,20102-1,Kardheina tee,,59.48139,24.93217,,,,2877,2026-05-23,gtfs
2872,19901-1,Muuga aedlinn,,59.47678,24.91898,,,,2872,2026-05-23,gtfs
2878,19904-1,Pirnipuu puiestee,,59.47919,24.92417,,,,2878,2026-05-23,gtfs
2874,20001-1,Hiireherne tee,,59.47304,24.94072,,,,2874,2026-05-23,gtfs
2873,19903-1,Kirsipuu puiestee,,59.474,24.93115,,,,2873,2026-05-23,gtfs
2871,19902-1,Muuga aedlinn,,59.47699,24.92068,,,,2871,2026-05-23,gtfs
2875,20002-1,Õunapuu puiestee,,59.47495,24.95111,,,,2875,2026-05-23,gtfs
2947,19401-1,Kärmu,,59.45311,24.96639,,,,2947,2026-05-23,gtfs
2945,19403-1,Koplimäe,,59.45436,24.95761,,,,2945,2026-05-23,gtfs
2946,19402-1,Koplimäe,,59.4549,24.95512,,,,2946,2026-05-23,gtfs
2941,19104-1,Madikse,,59.45743,24.93875,,,,2941,2026-05-23,gtfs
2942,19103-1,Madikse,,59.458,24.93684,,,,2942,2026-05-23,gtfs
2943,19302-1,Pähklimäe,,59.45619,24.94638,,,,2943,2026-05-23,gtfs
2944,19301-1,Pähklimäe,,59.45649,24.94531,,,,2944,2026-05-23,gtfs
2939,19101-1,Vasar,,59.45989,24.92806,,,,2939,2026-05-23,gtfs
2940,19102-1,Vasar,,59.46064,24.92519,,,,2940,2026-05-23,gtfs
161301,43199-1,Küti,,59.39614,24.79655,,,,6044,2026-05-23,gtfs
13667,43159-1,Peetri kool,,59.39628,24.80825,,,,13667,2026-05-23,gtfs
128790,43164-1,Peetri kool,,59.39759,24.80856,,,,136,2026-05-23,gtfs
4432,23188-1,Veski,,59.38981,24.80394,,,,4432,2026-05-23,gtfs
2300,13601-1,Mõigu,,59.40626,24.81606,,,,2300,2026-05-23,gtfs
146565,23847-1,Valdmäe,,59.34459,24.6224,,,,6138,2026-05-23,gtfs
130187,23397-1,Urda,,59.34141,24.61678,,,,208,2026-05-23,gtfs
13181,47342-1,Laagri alevik,,59.35148,24.61049,,,,13181,2026-05-23,gtfs
1622,20821-1,Nõlvaku,,59.35072,24.62794,,,,1622,2026-05-23,gtfs
1623,20822-1,Nõlvaku,,59.35044,24.62691,,,,1623,2026-05-23,gtfs
130186,23396-1,Urda,,59.34184,24.6157,,,,207,2026-05-23,gtfs
1620,20818-1,Laagri alevik,,59.35163,24.61199,,,,1620,2026-05-23,gtfs
13183,20824-1,Laagri alevik,,59.35164,24.61323,,,,13183,2026-05-23,gtfs
1618,20816-1,Rahnu,,59.35137,24.62143,,,,1618,2026-05-23,gtfs
1621,20820-1,Rahnu,,59.35123,24.62355,,,,1621,2026-05-23,gtfs
3934,04503-1,Turbasambla,,59.35621,24.61095,,,,3934,2026-05-23,gtfs
141510,00308-2,Haabersti,,59.42478,24.65077,,,,5877,2026-05-23,gtfs
12953,00123-1,Keskpäeva tee,,59.43388,24.56075,,,,12953,2026-05-23,gtfs
133449,00141-1,Mõisa,,59.42676,24.65512,,,,4149,2026-05-23,gtfs
850,01902-1,Astangu,,59.40469,24.63227,,,,850,2026-05-23,gtfs
129447,01901-1,Astangu,,59.40446,24.63395,,,,179,2026-05-23,gtfs
851,01903-1,Harku-Kadaka,,59.40493,24.63888,,,,851,2026-05-23,gtfs
852,01904-1,Harku-Kadaka,,59.40462,24.63782,,,,852,2026-05-23,gtfs
139009,01905-1,Jalami,,59.40494,24.62722,,,,5737,2026-05-23,gtfs
139010,01906-1,Jalami,,59.40475,24.62981,,,,5738,2026-05-23,gtfs
128605,00310-1,Meistri,,59.41633,24.65641,,,,131,2026-05-23,gtfs
132184,02114-1,Päevalille,,59.4214,24.64953,,,,4014,2026-05-23,gtfs
132185,02115-1,Päevalille,,59.42056,24.65009,,,,4016,2026-05-23,gtfs
132179,02112-1,Rebasemägi,,59.41825,24.65385,,,,4012,2026-05-23,gtfs
132183,02113-1,Rebasemägi,,59.41728,24.65454,,,,4013,2026-05-23,gtfs
845,01607-1,Järveotsa kool,,59.40715,24.6395,,,,845,2026-05-23,gtfs
846,01608-1,Järveotsa kool,,59.40696,24.64036,,,,846,2026-05-23,gtfs
839,01601-1,Järveotsa tee,,59.40916,24.63253,,,,839,2026-05-23,gtfs
847,01609-1,Järveotsa tee,,59.40893,24.63217,,,,847,2026-05-23,gtfs
137934,03608-1,Rehe,,59.39793,24.63841,,,,4316,2026-05-23,gtfs
137935,03609-1,Rehe,,59.39891,24.64169,,,,4318,2026-05-23,gtfs
785,00101-1,Kakumäe,,59.45914,24.57318,,,,785,2026-05-23,gtfs
786,00102-1,Kakumäe,,59.45971,24.57294,,,,786,2026-05-23,gtfs
796,00111-1,Kakumäe tee,,59.44206,24.59484,,,,796,2026-05-23,gtfs
797,00112-1,Kakumäe tee,,59.44292,24.59407,,,,797,2026-05-23,gtfs
794,00124-1,Landi,,59.44871,24.59001,,,,794,2026-05-23,gtfs
795,00110-1,Landi,,59.44885,24.58998,,,,795,2026-05-23,gtfs
133437,00130-1,Räime,,59.44719,24.5912,,,,4138,2026-05-23,gtfs
133438,00131-1,Räime,,59.44674,24.59106,,,,4139,2026-05-23,gtfs
787,00103-1,Soolahe tee,,59.45573,24.57782,,,,787,2026-05-23,gtfs
788,00104-1,Soolahe tee,,59.45617,24.5774,,,,788,2026-05-23,gtfs
791,00107-1,Sooranna tee,,59.45142,24.58467,,,,791,2026-05-23,gtfs
792,00108-1,Sooranna tee,,59.45198,24.58397,,,,792,2026-05-23,gtfs
789,00105-1,Teeotsa,,59.45373,24.58069,,,,789,2026-05-23,gtfs
790,00106-1,Teeotsa,,59.45376,24.5808,,,,790,2026-05-23,gtfs
133434,00127-1,Tõnu,,59.4398,24.5975,,,,4135,2026-05-23,gtfs
133435,00128-1,Tõnu,,59.43936,24.59773,,,,4136,2026-05-23,gtfs
798,00113-1,Vismeistri,,59.43613,24.60113,,,,798,2026-05-23,gtfs
133433,00126-1,Vismeistri,,59.43648,24.60098,,,,4134,2026-05-23,gtfs
141512,00307-2,Haabersti ring,,59.42415,24.64332,,,,5879,2026-05-23,gtfs
141515,00602-2,Haabersti ring,,59.42394,24.6425,,,,5882,2026-05-23,gtfs
813,00306-1,Sõba,,59.42655,24.63247,,,,813,2026-05-23,gtfs
819,00601-1,Sõba,,59.42627,24.63221,,,,819,2026-05-23,gtfs
139007,02001-1,Kotermaa,,59.40461,24.61551,,,,172,2026-05-23,gtfs
139008,02002-1,Kotermaa,,59.40517,24.61643,,,,5736,2026-05-23,gtfs
142467,02003-1,Moonalao,,59.40267,24.61327,,,,5924,2026-05-23,gtfs
142468,02004-1,Moonalao,,59.40249,24.61289,,,,5925,2026-05-23,gtfs
793,00109-1,Landi,,59.44889,24.59053,,,,793,2026-05-23,gtfs
812,00305-1,Tanuma,,59.42787,24.63318,,,,812,2026-05-23,gtfs
162451,10622-1,Veerme,,59.39753,24.60804,,,,6763,2026-05-23,gtfs
162452,10623-1,Veerme,,59.39706,24.6094,,,,6764,2026-05-23,gtfs
133447,00140-1,Mõisa,,59.42747,24.65501,,,,4148,2026-05-23,gtfs
823,00801-1,Karikakra,,59.41684,24.65256,,,,823,2026-05-23,gtfs
824,00802-1,Karikakra,,59.41824,24.65124,,,,824,2026-05-23,gtfs
837,01401-1,Kullerkupu,,59.41125,24.64768,,,,837,2026-05-23,gtfs
848,01701-1,Kullerkupu,,59.41102,24.64775,,,,848,2026-05-23,gtfs
830,01001-1,Meelespea,,59.41563,24.63972,,,,830,2026-05-23,gtfs
831,01002-1,Meelespea,,59.41648,24.63964,,,,831,2026-05-23,gtfs
141104,01402-1,Meistri,,59.41553,24.65547,,,,5846,2026-05-23,gtfs
141105,01403-1,Meistri,,59.41542,24.65624,,,,5847,2026-05-23,gtfs
835,01301-1,Nurmenuku,,59.41331,24.65293,,,,835,2026-05-23,gtfs
836,01302-1,Nurmenuku,,59.41402,24.65407,,,,836,2026-05-23,gtfs
139068,01004-1,Päevalille,,59.42046,24.64684,,,,240,2026-05-23,gtfs
833,01102-1,Rukkilille,,59.41378,24.64027,,,,833,2026-05-23,gtfs
834,01103-1,Rukkilille,,59.41339,24.64028,,,,834,2026-05-23,gtfs
825,00901-1,Sinilille,,59.41945,24.64544,,,,825,2026-05-23,gtfs
826,00911-1,Sinilille,,59.41944,24.6459,,,,826,2026-05-23,gtfs
827,00902-1,Sinilille,,59.41925,24.64258,,,,827,2026-05-23,gtfs
828,00903-1,Sinilille,,59.42043,24.64478,,,,828,2026-05-23,gtfs
9659,00604-1,Sõudebaasi,,59.41598,24.6354,,,,9659,2026-05-23,gtfs
9660,01003-1,Sõudebaasi,,59.41743,24.63693,,,,9660,2026-05-23,gtfs
832,01606-1,Väike-Õismäe,,59.41287,24.6379,,,,832,2026-05-23,gtfs
844,01101-1,Väike-Õismäe,,59.41224,24.63969,,,,844,2026-05-23,gtfs
13089,01104-1,Väike-Õismäe parkla,,59.41306,24.63436,,,,13089,2026-05-23,gtfs
13090,01610-1,Väike-Õismäe parkla,,59.41271,24.63655,,,,13090,2026-05-23,gtfs
821,00701-1,Haabersti,,59.4237,24.64863,,,,821,2026-05-23,gtfs
1126,08601-1,Humala,,59.42952,24.69247,,,,1126,2026-05-23,gtfs
1127,08602-1,Humala,,59.42991,24.69144,,,,1127,2026-05-23,gtfs
840,01602-1,Järvekalda,,59.4076,24.62296,,,,840,2026-05-23,gtfs
841,01603-1,Järvekalda,,59.40767,24.62207,,,,841,2026-05-23,gtfs
842,01604-1,Järveotsa tee,,59.40906,24.62971,,,,842,2026-05-23,gtfs
843,01605-1,Järveotsa tee,,59.40877,24.62813,,,,843,2026-05-23,gtfs
1128,08701-1,Looga,,59.42778,24.67262,,,,1128,2026-05-23,gtfs
1130,08801-1,Looga,,59.42825,24.67334,,,,1130,2026-05-23,gtfs
1129,08702-1,Mustjõe,,59.42868,24.68092,,,,1129,2026-05-23,gtfs
1131,08802-1,Mustjõe,,59.42894,24.67944,,,,1131,2026-05-23,gtfs
9478,21587-1,Paemurru,,59.3993,24.60462,,,,9478,2026-05-23,gtfs
1110,07901-1,Pirni,,59.42929,24.69812,,,,1110,2026-05-23,gtfs
1111,07902-1,Pirni,,59.42944,24.69927,,,,1111,2026-05-23,gtfs
816,00309-1,Zoo,,59.42643,24.65805,,,,816,2026-05-23,gtfs
822,00702-1,Zoo,,59.42621,24.65889,,,,822,2026-05-23,gtfs
817,00401-1,Pikaliiva,,59.42832,24.62495,,,,817,2026-05-23,gtfs
818,00501-1,Pikaliiva,,59.42786,24.62596,,,,818,2026-05-23,gtfs
3389,00120-1,Printsu tee,,59.4307,24.60784,,,,3389,2026-05-23,gtfs
3390,00121-1,Printsu tee,,59.43024,24.60929,,,,3390,2026-05-23,gtfs
13786,00403-1,Tähistaeva,,59.42876,24.62056,,,,13786,2026-05-23,gtfs
13787,00404-1,Tähistaeva,,59.42929,24.6182,,,,13787,2026-05-23,gtfs
162450,10621-1,Rehelepa,,59.39357,24.61542,,,,6762,2026-05-23,gtfs
162449,10620-1,Mäeküla,,59.3909,24.61386,,,,6761,2026-05-23,gtfs
150066,00144-1,Rannaniidu,,59.43684,24.56754,,,,6268,2026-05-23,gtfs
810,00303-1,Hälli,,59.43434,24.62937,,,,810,2026-05-23,gtfs
133443,00136-1,Hälli,,59.43336,24.63083,,,,4144,2026-05-23,gtfs
133436,00129-1,Kakumäe tee,,59.44269,24.59528,,,,4137,2026-05-23,gtfs
799,00114-1,Lesta,,59.44684,24.60435,,,,799,2026-05-23,gtfs
133439,00132-1,Lesta,,59.44705,24.60534,,,,4140,2026-05-23,gtfs
805,00201-1,Merirahu,,59.44496,24.61246,,,,805,2026-05-23,gtfs
133440,00133-1,Merirahu,,59.44449,24.61309,,,,4141,2026-05-23,gtfs
807,00203-1,Õismäe raba,,59.43722,24.6273,,,,807,2026-05-23,gtfs
133442,00135-1,Õismäe raba,,59.43696,24.62734,,,,4143,2026-05-23,gtfs
806,00202-1,Paljandi,,59.44009,24.62323,,,,806,2026-05-23,gtfs
133441,00134-1,Paljandi,,59.43934,24.62422,,,,4142,2026-05-23,gtfs
811,00304-1,Rocca al Mare,,59.4312,24.63725,,,,811,2026-05-23,gtfs
133444,00137-1,Rocca al Mare,,59.43085,24.63862,,,,4145,2026-05-23,gtfs
133445,00138-1,Rocca al Mare kool,,59.4303,24.65101,,,,4146,2026-05-23,gtfs
133446,00139-1,Rocca al Mare kool,,59.43018,24.65139,,,,4147,2026-05-23,gtfs
800,00115-1,Tiskre,,59.43825,24.57222,,,,800,2026-05-23,gtfs
4056,00122-1,Alemaa,,59.43551,24.61289,,,,4056,2026-05-23,gtfs
133432,00125-1,Alemaa,,59.43603,24.61159,,,,4133,2026-05-23,gtfs
13430,00311-1,Pikaliiva,,59.42819,24.6277,,,,13430,2026-05-23,gtfs
133430,00300-1,Pikaliiva,,59.42914,24.62589,,,,4131,2026-05-23,gtfs
808,00301-1,Tuleraua,,59.4314,24.62213,,,,808,2026-05-23,gtfs
133431,00299-1,Tuleraua,,59.43186,24.62178,,,,4132,2026-05-23,gtfs
1253,11307-1,Kitseküla,,59.42029,24.74036,,,,1253,2026-05-23,gtfs
159196,12227-1,Vanasadam,,59.44414,24.75928,,,,1364,2026-05-23,gtfs
159197,12228-1,Vanasadam,,59.44425,24.75957,,,,1368,2026-05-23,gtfs
146305,00011-1,Varre,,59.41847,24.75021,,,,6122,2026-05-23,gtfs
1244,11202-1,Virmalise,,59.42133,24.73718,,,,1244,2026-05-23,gtfs
1297,12203-1,A. Laikmaa,,59.43614,24.75755,,,,1297,2026-05-23,gtfs
159193,12224-1,A. Laikmaa,,59.43662,24.75746,,,,106,2026-05-23,gtfs
1276,11901-1,Kadriorg,,59.43864,24.78426,,,,1276,2026-05-23,gtfs
1277,11902-1,L. Koidula,,59.43877,24.77712,,,,1277,2026-05-23,gtfs
148067,16305-1,Ahtri,,59.4404,24.7549,,,,5786,2026-05-23,gtfs
148070,16211-1,Siimeoni,,59.44019,24.75924,,,,5787,2026-05-23,gtfs
157365,00175-1,Siimeoni,,59.43945,24.76009,,,,2008,2026-05-23,gtfs
159204,12231-1,A. Laikmaa,,59.43613,24.75731,,,,5796,2026-05-23,gtfs
1243,11201-1,Koidu,,59.42881,24.73161,,,,1243,2026-05-23,gtfs
1242,11103-1,Tõnismägi,,59.43027,24.73632,,,,1242,2026-05-23,gtfs
1627,21201-1,Estonia,,59.43459,24.75237,,,,1627,2026-05-23,gtfs
148997,21210-1,Estonia,,59.43503,24.75288,,,,6215,2026-05-23,gtfs
1280,12001-1,Vabaduse väljak,,59.43281,24.74713,,,,1280,2026-05-23,gtfs
1281,12002-1,Vabaduse väljak,,59.43299,24.74721,,,,1281,2026-05-23,gtfs
1282,12002-2,Vabaduse väljak,,59.43304,24.74649,,,,1282,2026-05-23,gtfs
134188,12909-1,Varre,,59.41902,24.75406,,,,4274,2026-05-23,gtfs
14384,12906-1,Veskiposti,,59.42124,24.76396,,,,14384,2026-05-23,gtfs
14385,12908-1,Veskiposti,,59.42085,24.76426,,,,14385,2026-05-23,gtfs
1257,11401-1,Gonsiori,,59.4344,24.7679,,,,1257,2026-05-23,gtfs
1258,11402-1,Gonsiori,,59.43398,24.76998,,,,1258,2026-05-23,gtfs
1314,12220-3,Kivisilla,,59.43551,24.75954,,,,1314,2026-05-23,gtfs
1318,12305-1,Kivisilla,,59.4353,24.75876,,,,1318,2026-05-23,gtfs
1319,12305-2,Kivisilla,,59.43521,24.75932,,,,1319,2026-05-23,gtfs
3103,12220-1,Kivisilla,,59.43563,24.75864,,,,3103,2026-05-23,gtfs
1259,11501-1,Laulupeo,,59.43318,24.77775,,,,1259,2026-05-23,gtfs
1260,11502-1,Laulupeo,,59.43307,24.77712,,,,1260,2026-05-23,gtfs
142534,11507-1,Vesivärava,,59.43219,24.78226,,,,5926,2026-05-23,gtfs
142535,11508-1,Vesivärava,,59.43253,24.78202,,,,5927,2026-05-23,gtfs
163619,00012-1,Laeva,,59.43932,24.75903,,,,6857,2026-05-23,gtfs
1300,12206-1,Hobujaama,,59.43802,24.75741,,,,1300,2026-05-23,gtfs
1301,12207-1,Hobujaama,,59.43761,24.75733,,,,1301,2026-05-23,gtfs
1272,11801-1,J. Poska,,59.4401,24.78564,,,,1272,2026-05-23,gtfs
1345,12905-1,Filtri tee,,59.4216,24.77388,,,,1345,2026-05-23,gtfs
1351,13007-1,Filtri tee,,59.42071,24.77161,,,,1351,2026-05-23,gtfs
126808,07504-1,Renniotsa,,59.41445,24.76061,,,,70,2026-05-23,gtfs
126809,07505-1,Renniotsa,,59.41296,24.75783,,,,71,2026-05-23,gtfs
1261,11601-1,Bussijaam,,59.42678,24.77322,,,,1261,2026-05-23,gtfs
1353,13102-1,Hotell Olümpia,,59.42893,24.75874,,,,1353,2026-05-23,gtfs
163189,13104-1,Hotell Olümpia,,59.42932,24.75811,,,,6814,2026-05-23,gtfs
1343,12903-1,Püssirohu,,59.42801,24.76542,,,,1343,2026-05-23,gtfs
1344,12904-1,Püssirohu,,59.4278,24.76493,,,,1344,2026-05-23,gtfs
157894,11609-1,Bussijaam,,59.42917,24.77621,,,,5797,2026-05-23,gtfs
1372,13604-1,Kaabli,,59.40806,24.81126,,,,1372,2026-05-23,gtfs
1373,13605-1,Kaabli,,59.40792,24.81037,,,,1373,2026-05-23,gtfs
129018,13602-1,Kanali tee,,59.40813,24.80792,,,,154,2026-05-23,gtfs
1333,12605-1,Tõnismägi,,59.43148,24.73954,,,,1333,2026-05-23,gtfs
1283,12003-1,Vabaduse väljak,,59.43251,24.74267,,,,1283,2026-05-23,gtfs
1284,12003-2,Vabaduse väljak,,59.43235,24.74206,,,,1284,2026-05-23,gtfs
1285,12003-3,Vabaduse väljak,,59.43217,24.74137,,,,1285,2026-05-23,gtfs
1631,21206-1,Kaubamaja,,59.43439,24.75575,,,,1631,2026-05-23,gtfs
1632,21206-2,Kaubamaja,,59.43501,24.75565,,,,1632,2026-05-23,gtfs
1633,21206-3,Kaubamaja,,59.43458,24.75572,,,,1633,2026-05-23,gtfs
14902,21222-1,Kaubamaja,,59.43441,24.75606,,,,14902,2026-05-23,gtfs
141102,11505-1,J.Vilmsi,,59.43076,24.78126,,,,5844,2026-05-23,gtfs
141103,11506-1,J.Vilmsi,,59.43145,24.78381,,,,5845,2026-05-23,gtfs
159195,12226-1,Laeva,,59.44061,24.75795,,,,109,2026-05-23,gtfs
1089,07501-1,Tallinn-Väike,,59.41337,24.74838,,,,1089,2026-05-23,gtfs
146862,13005-2,Lindakivi,,59.4201,24.79391,,,,6152,2026-05-23,gtfs
1315,12301-1,Hotell Olümpia,,59.43104,24.76044,,,,1315,2026-05-23,gtfs
1354,13103-1,Hotell Olümpia,,59.43112,24.76121,,,,1354,2026-05-23,gtfs
1328,12504-1,Keskhaigla,,59.42882,24.75249,,,,1328,2026-05-23,gtfs
1327,12503-1,Liivalaia,,59.42807,24.74938,,,,1327,2026-05-23,gtfs
162021,16018-1,Võllamägi,,59.42741,24.74513,,,,6716,2026-05-23,gtfs
1090,07502-1,Auru,,59.41277,24.75256,,,,1090,2026-05-23,gtfs
1091,07503-1,Luite,,59.41488,24.75519,,,,1091,2026-05-23,gtfs
136269,10508-1,Kanuti,,59.44096,24.7534,,,,4590,2026-05-23,gtfs
1293,12103-1,Mere puiestee,,59.43766,24.7532,,,,1293,2026-05-23,gtfs
1294,12104-1,Mere puiestee,,59.43756,24.75337,,,,1294,2026-05-23,gtfs
1303,12209-1,Mere puiestee,,59.43834,24.75407,,,,1303,2026-05-23,gtfs
1304,12210-1,Mere puiestee,,59.43782,24.75364,,,,1304,2026-05-23,gtfs
1230,10702-1,F. R. Kreutzwaldi,,59.43833,24.76978,,,,1230,2026-05-23,gtfs
1231,10702-2,F. R. Kreutzwaldi,,59.43841,24.77032,,,,1231,2026-05-23,gtfs
3402,12211-2,Hobujaama,,59.43711,24.75866,,,,3402,2026-05-23,gtfs
3604,12223-1,Hobujaama,,59.43726,24.75833,,,,3604,2026-05-23,gtfs
3605,12222-1,Hobujaama,,59.43723,24.75838,,,,3605,2026-05-23,gtfs
3606,12221-1,Hobujaama,,59.4374,24.75819,,,,3606,2026-05-23,gtfs
1273,11802-1,J. Poska,,59.44101,24.78641,,,,1273,2026-05-23,gtfs
1274,11803-2,J. Poska,,59.44098,24.78701,,,,1274,2026-05-23,gtfs
1275,11803-1,J. Poska,,59.44083,24.78666,,,,1275,2026-05-23,gtfs
1278,11903-2,L. Koidula,,59.43906,24.77711,,,,1278,2026-05-23,gtfs
1279,11903-1,L. Koidula,,59.43899,24.77643,,,,1279,2026-05-23,gtfs
1513,17801-1,Lasnamägi,,59.44439,24.8133,,,,1513,2026-05-23,gtfs
1339,12801-1,Oru,,59.4436,24.80018,,,,1339,2026-05-23,gtfs
1340,12802-1,Oru,,59.44336,24.8024,,,,1340,2026-05-23,gtfs
132664,12803-1,Oruvärava,,59.44326,24.80567,,,,4077,2026-05-23,gtfs
1306,12212-1,Pronksi,,59.43746,24.76375,,,,1306,2026-05-23,gtfs
1308,12214-1,Pronksi,,59.43712,24.76218,,,,1308,2026-05-23,gtfs
147022,11804-1,Reidi tee,,59.44205,24.78883,,,,6155,2026-05-23,gtfs
147023,11805-1,Reidi tee,,59.44232,24.79074,,,,6156,2026-05-23,gtfs
1232,10703-1,Tallinna Ülikool,,59.43854,24.77137,,,,1232,2026-05-23,gtfs
1233,10704-1,Tallinna Ülikool,,59.43837,24.77133,,,,1233,2026-05-23,gtfs
1262,11602-1,Bussijaam,,59.42785,24.77481,,,,1262,2026-05-23,gtfs
1236,10901-1,Hotell Tallinn,,59.43495,24.73149,,,,1236,2026-05-23,gtfs
1237,11001-1,Tehnika,,59.43457,24.72599,,,,1237,2026-05-23,gtfs
1082,07404-1,Hallivanamehe,,59.40609,24.73294,,,,1082,2026-05-23,gtfs
1083,07405-1,Hallivanamehe,,59.40561,24.73194,,,,1083,2026-05-23,gtfs
1079,07401-1,Kalev,,59.40967,24.73673,,,,1079,2026-05-23,gtfs
1080,07402-1,Kalev,,59.40982,24.73621,,,,1080,2026-05-23,gtfs
1081,07403-1,Kalev,,59.40923,24.73562,,,,1081,2026-05-23,gtfs
1329,12601-1,Kosmos,,59.42904,24.74354,,,,1329,2026-05-23,gtfs
1330,12602-1,Kosmos,,59.42889,24.74334,,,,1330,2026-05-23,gtfs
1331,12603-1,Kosmos,,59.42823,24.74232,,,,1331,2026-05-23,gtfs
1332,12604-1,Kosmos,,59.42902,24.74296,,,,1332,2026-05-23,gtfs
1076,07301-1,Tallinn-Väike,,59.41496,24.73996,,,,1076,2026-05-23,gtfs
1086,07407-1,Tallinn-Väike,,59.41444,24.73946,,,,1086,2026-05-23,gtfs
1087,07408-1,Tallinn-Väike,,59.41541,24.73946,,,,1087,2026-05-23,gtfs
1286,12004-1,Vabaduse väljak,,59.43388,24.74661,,,,1286,2026-05-23,gtfs
1287,12005-1,Vabaduse väljak,,59.43202,24.74585,,,,1287,2026-05-23,gtfs
1288,12006-1,Vabaduse väljak,,59.43271,24.74588,,,,1288,2026-05-23,gtfs
1289,12007-1,Vabaduse väljak,,59.43322,24.74579,,,,1289,2026-05-23,gtfs
1324,12403-1,Vabaduse väljak,,59.43396,24.74633,,,,1324,2026-05-23,gtfs
1247,11301-1,Vineeri,,59.42376,24.74289,,,,1247,2026-05-23,gtfs
1248,11302-1,Vineeri,,59.42465,24.74273,,,,1248,2026-05-23,gtfs
1249,11303-1,Vineeri,,59.4229,24.74232,,,,1249,2026-05-23,gtfs
1250,11304-1,Vineeri,,59.42233,24.74234,,,,1250,2026-05-23,gtfs
1251,11305-1,Vineeri,,59.42465,24.74259,,,,1251,2026-05-23,gtfs
138683,11302-2,Vineeri,,59.42463,24.74269,,,,5703,2026-05-23,gtfs
1290,12101-1,Viru,,59.43618,24.75149,,,,1290,2026-05-23,gtfs
1291,12101-2,Viru,,59.43606,24.75113,,,,1291,2026-05-23,gtfs
1292,12102-1,Viru,,59.43547,24.74967,,,,1292,2026-05-23,gtfs
1634,21207-1,Viru,,59.43576,24.75095,,,,1634,2026-05-23,gtfs
1635,21208-1,Viru,,59.4363,24.75226,,,,1635,2026-05-23,gtfs
147026,11807-1,Lauluväljak,,59.4451,24.79787,,,,6158,2026-05-23,gtfs
150553,00152-1,Lauluväljak,,59.44604,24.80003,,,,6296,2026-05-23,gtfs
1335,12701-1,Lillepaviljon,,59.44843,24.80291,,,,1335,2026-05-23,gtfs
1336,12702-1,Lillepaviljon,,59.44812,24.80334,,,,1336,2026-05-23,gtfs
1337,12703-1,Maarjamägi,,59.45177,24.80689,,,,1337,2026-05-23,gtfs
1338,12704-1,Maarjamägi,,59.45293,24.80833,,,,1338,2026-05-23,gtfs
142464,12706-1,Mälestusvälja,,59.45648,24.81028,,,,5921,2026-05-23,gtfs
1223,10503-1,Linnahall,,59.44347,24.75011,,,,1223,2026-05-23,gtfs
158790,00182-1,Paberi,,59.43338,24.76385,,,,5888,2026-05-23,gtfs
158791,00183-1,Paberi,,59.43362,24.76357,,,,6369,2026-05-23,gtfs
158792,00188-1,Raua,,59.43639,24.76488,,,,6575,2026-05-23,gtfs
158793,00189-1,Raua,,59.43628,24.76442,,,,6579,2026-05-23,gtfs
136268,10507-1,Kanuti,,59.44091,24.75316,,,,4589,2026-05-23,gtfs
1225,10601-1,Suur Rannavärav,,59.4433,24.75034,,,,1225,2026-05-23,gtfs
1226,10602-1,Suur Rannavärav,,59.44343,24.75029,,,,1226,2026-05-23,gtfs
5501,12307-1,Tornimäe,,59.43373,24.76063,,,,5501,2026-05-23,gtfs
126456,12309-1,Tornimäe,,59.43319,24.76136,,,,40,2026-05-23,gtfs
147047,10709-1,Pikksilma,,59.44357,24.77992,,,,6163,2026-05-23,gtfs
147048,10710-1,Pikksilma,,59.44338,24.78266,,,,6164,2026-05-23,gtfs
147024,11806-1,Reidi tee,,59.44286,24.78875,,,,6157,2026-05-23,gtfs
147045,10707-1,Uus-Sadama,,59.44131,24.76954,,,,6161,2026-05-23,gtfs
147046,10708-1,Uus-Sadama,,59.44158,24.77202,,,,6162,2026-05-23,gtfs
159198,12229-1,Linnahall,,59.44491,24.75517,,,,5793,2026-05-23,gtfs
159199,12230-1,Linnahall,,59.44501,24.75494,,,,5795,2026-05-23,gtfs
1241,11102-1,Koidu,,59.42923,24.72955,,,,1241,2026-05-23,gtfs
162020,16017-1,Uus Maailm,,59.4273,24.74137,,,,6715,2026-05-23,gtfs
1264,11604-1,Bussijaam,,59.42857,24.77622,,,,1264,2026-05-23,gtfs
11607,11606-2,Bussijaam,,59.42828,24.7767,,,,11607,2026-05-23,gtfs
11609,11605-2,Bussijaam,,59.42754,24.77773,,,,11609,2026-05-23,gtfs
11610,11603-2,Bussijaam,,59.42816,24.77695,,,,11610,2026-05-23,gtfs
129019,13603-1,Kanali tee,,59.40837,24.80627,,,,155,2026-05-23,gtfs
133530,13304-1,Kanali tee,,59.40778,24.80649,,,,3220,2026-05-23,gtfs
11605,11707-1,Keskturg,,59.43182,24.76779,,,,11605,2026-05-23,gtfs
11606,11702-2,Keskturg,,59.43192,24.76757,,,,11606,2026-05-23,gtfs
11611,11706-1,Keskturg,,59.4316,24.76755,,,,11611,2026-05-23,gtfs
11612,11701-2,Keskturg,,59.43163,24.76849,,,,11612,2026-05-23,gtfs
138901,13516-1,Lennujaam,,59.41646,24.79659,,,,5726,2026-05-23,gtfs
1349,13005-1,Lindakivi,,59.41963,24.79161,,,,1349,2026-05-23,gtfs
1350,13006-1,Lindakivi,,59.41953,24.79254,,,,1350,2026-05-23,gtfs
4430,23152-1,Mõigu,,59.40434,24.81063,,,,4430,2026-05-23,gtfs
4431,23151-1,Mõigu,,59.40489,24.81052,,,,4431,2026-05-23,gtfs
130009,43168-1,Oomi,,59.40266,24.81273,,,,206,2026-05-23,gtfs
1316,12302-1,Paberi,,59.43354,24.76246,,,,1316,2026-05-23,gtfs
1317,12303-1,Paberi,,59.43353,24.76231,,,,1317,2026-05-23,gtfs
12742,13606-1,Pühamägi,,59.41124,24.80213,,,,12742,2026-05-23,gtfs
1346,13001-1,Sossimägi,,59.42531,24.78336,,,,1346,2026-05-23,gtfs
1347,13002-1,Sossimägi,,59.42448,24.78432,,,,1347,2026-05-23,gtfs
1348,13008-1,Sossimägi,,59.42547,24.78186,,,,1348,2026-05-23,gtfs
1628,21203-2,Estonia,,59.43386,24.75258,,,,1628,2026-05-23,gtfs
1629,21204-1,Estonia,,59.43353,24.75192,,,,1629,2026-05-23,gtfs
1630,21205-1,Estonia,,59.4339,24.75177,,,,1630,2026-05-23,gtfs
14969,21203-1,Estonia,,59.43368,24.75282,,,,14969,2026-05-23,gtfs
1240,11101-1,Endla,,59.42934,24.72501,,,,1240,2026-05-23,gtfs
1245,11203-1,Lilleküla jaam,,59.42609,24.72794,,,,1245,2026-05-23,gtfs
1238,11002-1,Tehnika,,59.43375,24.72365,,,,1238,2026-05-23,gtfs
1077,07302-1,Tallinn-Väike,,59.41367,24.73718,,,,1077,2026-05-23,gtfs
1078,07303-1,Tallinn-Väike,,59.41437,24.73838,,,,1078,2026-05-23,gtfs
1088,07409-1,Tallinn-Väike,,59.41419,24.73852,,,,1088,2026-05-23,gtfs
1772,10905-1,A. Adamsoni,,59.43304,24.73436,,,,1772,2026-05-23,gtfs
1983,21104-1,Balti jaam,,59.43953,24.73779,,,,1983,2026-05-23,gtfs
1771,10904-1,Hotell Tallinn,,59.43428,24.73356,,,,1771,2026-05-23,gtfs
1773,12405-1,Tõnismägi,,59.43213,24.73629,,,,1773,2026-05-23,gtfs
149586,12405-2,Tõnismägi,,59.43212,24.73623,,,,6252,2026-05-23,gtfs
1769,10902-1,Toompark,,59.43682,24.73333,,,,1769,2026-05-23,gtfs
1229,10701-1,Reisisadama D-terminal,,59.44262,24.76529,,,,1229,2026-05-23,gtfs
143814,10706-1,Reisisadama D-terminal,,59.44256,24.76546,,,,5983,2026-05-23,gtfs
1313,12218-1,Maneeži,,59.4356,24.76103,,,,1313,2026-05-23,gtfs
1322,12401-1,Vabaduse väljak,,59.43314,24.74485,,,,1322,2026-05-23,gtfs
1323,12402-1,Vabaduse väljak,,59.43318,24.74417,,,,1323,2026-05-23,gtfs
1246,11204-1,Lilleküla jaam,,59.425,24.72979,,,,1246,2026-05-23,gtfs
14701,11207-1,Uus Maailm,,59.42667,24.74168,,,,14701,2026-05-23,gtfs
153754,11314-1,Kitseküla,,59.42004,24.74263,,,,1900,2026-05-23,gtfs
153759,11315-1,Kitseküla,,59.41986,24.74149,,,,6434,2026-05-23,gtfs
1252,11306-1,Vana-Lõuna,,59.4228,24.74592,,,,1252,2026-05-23,gtfs
1255,11309-1,Vana-Lõuna,,59.42164,24.7445,,,,1255,2026-05-23,gtfs
1256,11311-1,Vana-Lõuna,,59.42164,24.74394,,,,1256,2026-05-23,gtfs
1254,11308-1,Veerenni,,59.425,24.74758,,,,1254,2026-05-23,gtfs
1334,12607-1,Liivalaia,,59.42744,24.7484,,,,1334,2026-05-23,gtfs
1356,13202-1,Õilme,,59.4212,24.75081,,,,1356,2026-05-23,gtfs
1357,13301-1,Õilme,,59.42111,24.75069,,,,1357,2026-05-23,gtfs
150766,00162-1,Töökoja,,59.41753,24.75279,,,,6319,2026-05-23,gtfs
1355,13201-1,Varre,,59.41964,24.75152,,,,1355,2026-05-23,gtfs
1326,12502-1,Veerenni,,59.42559,24.74904,,,,1326,2026-05-23,gtfs
1358,13302-1,Veerenni,,59.42415,24.74945,,,,1358,2026-05-23,gtfs
134191,12912-1,Veduri,,59.41669,24.75306,,,,4277,2026-05-23,gtfs
134189,12910-1,Viadukti,,59.4175,24.75983,,,,4275,2026-05-23,gtfs
134190,12911-1,Viadukti,,59.4176,24.75872,,,,4276,2026-05-23,gtfs
3890,21211-1,Viru keskus 1,,59.4358,24.7564,,,,3890,2026-05-23,gtfs
3891,21212-1,Viru keskus 2,,59.43595,24.75667,,,,3891,2026-05-23,gtfs
3892,21213-1,Viru keskus 3,,59.43605,24.75644,,,,3892,2026-05-23,gtfs
3893,21214-1,Viru keskus 4,,59.43621,24.75672,,,,3893,2026-05-23,gtfs
3894,21215-1,Viru keskus 5,,59.43647,24.75669,,,,3894,2026-05-23,gtfs
3895,21216-1,Viru keskus 6,,59.43667,24.75665,,,,3895,2026-05-23,gtfs
876,02604-1,Retke tee,,59.40296,24.70772,,,,876,2026-05-23,gtfs
1074,07209-1,Sõjakooli,,59.40234,24.71852,,,,1074,2026-05-23,gtfs
1075,07210-1,Sõjakooli,,59.40256,24.7171,,,,1075,2026-05-23,gtfs
1114,07905-1,Hipodroom,,59.42829,24.70912,,,,1114,2026-05-23,gtfs
1132,08901-1,Hipodroom,,59.42898,24.70719,,,,1132,2026-05-23,gtfs
1134,08903-1,Mooni,,59.42768,24.7137,,,,1134,2026-05-23,gtfs
1135,08904-1,Taksopark,,59.42747,24.72195,,,,1135,2026-05-23,gtfs
1136,08905-1,Taksopark,,59.42777,24.71901,,,,1136,2026-05-23,gtfs
150409,00149-1,Löwenruh,,59.41863,24.69285,,,,6289,2026-05-23,gtfs
1119,08201-1,Laki,,59.41694,24.67974,,,,1119,2026-05-23,gtfs
1058,06904-1,Kotka,,59.42119,24.72964,,,,1058,2026-05-23,gtfs
1059,06905-1,Kotka,,59.42031,24.7298,,,,1059,2026-05-23,gtfs
1055,06901-1,Ööbiku,,59.41541,24.73238,,,,1055,2026-05-23,gtfs
1065,07104-1,Ööbiku,,59.41463,24.73248,,,,1065,2026-05-23,gtfs
1122,08204-1,Forelli,,59.42009,24.68364,,,,1122,2026-05-23,gtfs
1124,08206-1,Forelli,,59.42047,24.68364,,,,1124,2026-05-23,gtfs
1070,07205-1,Nõmme tee,,59.41097,24.71607,,,,1070,2026-05-23,gtfs
1099,07706-1,Nõmme tee,,59.41141,24.71461,,,,1099,2026-05-23,gtfs
1062,07101-1,Västriku,,59.40903,24.72502,,,,1062,2026-05-23,gtfs
1071,07206-1,Västriku,,59.40897,24.72462,,,,1071,2026-05-23,gtfs
1096,07703-1,Vilja,,59.41256,24.70869,,,,1096,2026-05-23,gtfs
1117,08101-1,Aiandi,,59.41482,24.69138,,,,1117,2026-05-23,gtfs
1115,07906-1,Hipodroom,,59.4284,24.70343,,,,1115,2026-05-23,gtfs
1123,08205-1,Löwenruh,,59.4179,24.69383,,,,1123,2026-05-23,gtfs
150408,00148-1,Löwenruh,,59.41879,24.69506,,,,6288,2026-05-23,gtfs
1116,08001-1,Marja,,59.42219,24.69833,,,,1116,2026-05-23,gtfs
1125,08302-1,Marja,,59.42127,24.69693,,,,1125,2026-05-23,gtfs
1112,07903-1,Välja,,59.42527,24.70106,,,,1112,2026-05-23,gtfs
1113,07904-1,Välja,,59.4254,24.70077,,,,1113,2026-05-23,gtfs
1057,06903-1,Hauka,,59.42174,24.72466,,,,1057,2026-05-23,gtfs
1107,07806-1,Hauka,,59.42075,24.72354,,,,1107,2026-05-23,gtfs
1056,06902-1,Koolimaja,,59.4184,24.72177,,,,1056,2026-05-23,gtfs
1093,07602-1,Koolimaja,,59.41745,24.72066,,,,1093,2026-05-23,gtfs
1060,07001-1,Nõmme tee,,59.41165,24.71574,,,,1060,2026-05-23,gtfs
1100,07707-1,Nõmme tee,,59.41031,24.71426,,,,1100,2026-05-23,gtfs
1061,07002-1,Räägu,,59.415,24.71874,,,,1061,2026-05-23,gtfs
1101,07708-1,Räägu,,59.41433,24.71788,,,,1101,2026-05-23,gtfs
1067,07202-1,Tüve,,59.40574,24.71013,,,,1067,2026-05-23,gtfs
1094,07701-1,Tüve,,59.40521,24.7092,,,,1094,2026-05-23,gtfs
1133,08902-1,Hipodroom,,59.42988,24.70637,,,,1133,2026-05-23,gtfs
1138,08907-1,Lille,,59.43125,24.71252,,,,1138,2026-05-23,gtfs
1139,08908-1,Lille,,59.43214,24.71359,,,,1139,2026-05-23,gtfs
1140,08909-1,Ristiku,,59.43332,24.71946,,,,1140,2026-05-23,gtfs
1141,08910-1,Ristiku,,59.43385,24.72119,,,,1141,2026-05-23,gtfs
1053,06801-1,Järve,,59.40002,24.72813,,,,1053,2026-05-23,gtfs
10470,06803-1,Järve,,59.40166,24.72829,,,,10470,2026-05-23,gtfs
1054,06802-1,Virve,,59.39769,24.72596,,,,1054,2026-05-23,gtfs
1050,06701-1,Energia,,59.39715,24.71041,,,,1050,2026-05-23,gtfs
1051,06702-1,Energia,,59.39665,24.70981,,,,1051,2026-05-23,gtfs
3843,06704-1,Energia,,59.39784,24.71067,,,,3843,2026-05-23,gtfs
1052,06703-1,Tuisu,,59.40025,24.71097,,,,1052,2026-05-23,gtfs
1066,07201-1,Tuisu,,59.40137,24.71124,,,,1066,2026-05-23,gtfs
1105,07804-1,Koskla,,59.42455,24.71737,,,,1105,2026-05-23,gtfs
1106,07805-1,Koskla,,59.42556,24.71774,,,,1106,2026-05-23,gtfs
1097,07704-1,Linnu tee,,59.41336,24.70824,,,,1097,2026-05-23,gtfs
1098,07705-1,Linnu tee,,59.41465,24.70863,,,,1098,2026-05-23,gtfs
10806,07709-1,Linnu tee,,59.41253,24.70707,,,,10806,2026-05-23,gtfs
1092,07601-1,Tedre,,59.41936,24.71237,,,,1092,2026-05-23,gtfs
1102,07801-1,Tedre,,59.41977,24.7132,,,,1102,2026-05-23,gtfs
1103,07802-1,Tihase,,59.42275,24.71533,,,,1103,2026-05-23,gtfs
3842,06705-1,Järve haigla,,59.39548,24.71552,,,,3842,2026-05-23,gtfs
1068,07203-1,Marsi,,59.4053,24.71786,,,,1068,2026-05-23,gtfs
1069,07204-1,Marsi,,59.40494,24.71651,,,,1069,2026-05-23,gtfs
1063,07102-1,Tondi,,59.4105,24.73147,,,,1063,2026-05-23,gtfs
1064,07103-1,Tondi,,59.41103,24.73226,,,,1064,2026-05-23,gtfs
1084,07406-1,Tondi,,59.41132,24.73406,,,,1084,2026-05-23,gtfs
1072,07207-1,Västriku,,59.40789,24.72484,,,,1072,2026-05-23,gtfs
1073,07208-1,Västriku,,59.40781,24.7236,,,,1073,2026-05-23,gtfs
1108,07807-1,Lilleküla jaam,,59.42425,24.72491,,,,1108,2026-05-23,gtfs
1109,07808-1,Lilleküla jaam,,59.42392,24.72511,,,,1109,2026-05-23,gtfs
1137,08906-1,Taksopark,,59.42801,24.72033,,,,1137,2026-05-23,gtfs
14380,07809-1,Taksopark,,59.42624,24.72151,,,,14380,2026-05-23,gtfs
1142,08911-1,Ülase,,59.43068,24.71809,,,,1142,2026-05-23,gtfs
1143,08912-1,Ülase,,59.43097,24.7182,,,,1143,2026-05-23,gtfs
14429,16111-1,Lendtähe,,59.44216,24.85441,,,,14429,2026-05-23,gtfs
14431,16107-1,Lendtähe,,59.44158,24.85082,,,,14431,2026-05-23,gtfs
164033,14811-1,Pae,,59.42521,24.7932,,,,6884,2026-05-23,gtfs
14432,16108-1,Tähesaju tee,,59.44342,24.85946,,,,14432,2026-05-23,gtfs
14433,16112-1,Tähesaju tee,,59.44375,24.86183,,,,14433,2026-05-23,gtfs
128592,13510-1,Kaubajaama,,59.42213,24.81085,,,,130,2026-05-23,gtfs
1400,14503-1,Betooni,,59.42632,24.85092,,,,1400,2026-05-23,gtfs
1401,14504-1,Betooni,,59.42588,24.85099,,,,1401,2026-05-23,gtfs
1386,13901-1,Betooni põik,,59.42401,24.85646,,,,1386,2026-05-23,gtfs
1387,13902-1,Betooni põik,,59.4238,24.85649,,,,1387,2026-05-23,gtfs
1398,14501-1,Gaasi,,59.43054,24.84805,,,,1398,2026-05-23,gtfs
1399,14502-1,Gaasi,,59.43086,24.84761,,,,1399,2026-05-23,gtfs
1388,14001-1,Sõstramäe,,59.42624,24.86666,,,,1388,2026-05-23,gtfs
1389,14002-1,Sõstramäe,,59.4263,24.86749,,,,1389,2026-05-23,gtfs
157056,09715-1,Gaasi,,59.43206,24.84745,,,,6545,2026-05-23,gtfs
1488,16503-1,Iru hooldekodu,,59.45294,24.90529,,,,1488,2026-05-23,gtfs
130347,16510-1,Iru hooldekodu,,59.45296,24.90532,,,,213,2026-05-23,gtfs
143177,16512-1,Kuuskivi,,59.45066,24.89783,,,,5968,2026-05-23,gtfs
143544,16512-2,Kuuskivi,,59.45067,24.89794,,,,5975,2026-05-23,gtfs
1458,15603-1,J. Smuuli tee,,59.43487,24.83045,,,,1458,2026-05-23,gtfs
3674,15606-1,J. Smuuli tee,,59.43328,24.83136,,,,3674,2026-05-23,gtfs
1453,15308-1,Kalevipoja,,59.43582,24.829,,,,1453,2026-05-23,gtfs
1457,15602-1,Kalevipoja,,59.43683,24.82854,,,,1457,2026-05-23,gtfs
1443,15201-1,Liikuri,,59.4418,24.82284,,,,1443,2026-05-23,gtfs
1511,17601-1,Liikuri,,59.44344,24.82215,,,,1511,2026-05-23,gtfs
12992,13806-1,Ruunaoja,,59.41695,24.84472,,,,12992,2026-05-23,gtfs
1397,14406-1,Sõjamäe raba,,59.43054,24.83457,,,,1397,2026-05-23,gtfs
1404,14603-1,Sõjamäe raba,,59.43052,24.83396,,,,1404,2026-05-23,gtfs
12993,14606-1,Vesse,,59.42853,24.83569,,,,12993,2026-05-23,gtfs
12995,14607-1,Vesse,,59.42719,24.83769,,,,12995,2026-05-23,gtfs
1473,16102-1,K. Kärberi,,59.44509,24.87733,,,,1473,2026-05-23,gtfs
1474,16103-1,K. Kärberi,,59.44539,24.8797,,,,1474,2026-05-23,gtfs
1483,16303-1,Priisle,,59.44751,24.89134,,,,1483,2026-05-23,gtfs
1486,16501-1,Priisle,,59.44779,24.89324,,,,1486,2026-05-23,gtfs
4029,16506-1,Priisle,,59.44721,24.8972,,,,4029,2026-05-23,gtfs
1475,16104-1,Reinu,,59.44639,24.88585,,,,1475,2026-05-23,gtfs
1481,16301-1,Reinu,,59.44639,24.88652,,,,1481,2026-05-23,gtfs
155062,09708-1,Ülemiste linnak,,59.4206,24.79928,,,,5698,2026-05-23,gtfs
1394,14402-1,Kuuli,,59.43575,24.85798,,,,1394,2026-05-23,gtfs
1469,16002-1,Kuuli,,59.43644,24.85806,,,,1469,2026-05-23,gtfs
4008,16206-1,Kiviku,,59.44301,24.88158,,,,4008,2026-05-23,gtfs
4022,16206-2,Kiviku,,59.44314,24.8824,,,,4022,2026-05-23,gtfs
4037,16105-1,Kiviku,,59.44418,24.88384,,,,4037,2026-05-23,gtfs
1454,15501-1,Kotka kauplus,,59.43988,24.83077,,,,1454,2026-05-23,gtfs
1456,15601-1,Kotka kauplus,,59.43952,24.83268,,,,1456,2026-05-23,gtfs
1437,15105-1,Kumu,,59.4353,24.79819,,,,1437,2026-05-23,gtfs
1438,15106-1,Kumu,,59.43473,24.79914,,,,1438,2026-05-23,gtfs
1462,15702-1,Laagna,,59.4404,24.84323,,,,1462,2026-05-23,gtfs
1465,15801-1,Laagna,,59.44002,24.84479,,,,1465,2026-05-23,gtfs
13026,15111-1,Mehaanikakool,,59.43567,24.80616,,,,13026,2026-05-23,gtfs
1472,16101-1,Mustakivi,,59.44316,24.87191,,,,1472,2026-05-23,gtfs
1476,16201-1,Mustakivi,,59.4428,24.87559,,,,1476,2026-05-23,gtfs
1444,15202-1,Paesilla,,59.43871,24.81714,,,,1444,2026-05-23,gtfs
1445,15203-1,Paesilla,,59.43823,24.81746,,,,1445,2026-05-23,gtfs
4033,16505-1,Priisle,,59.44656,24.89656,,,,4033,2026-05-23,gtfs
4026,16403-1,Rauna,,59.44479,24.88995,,,,4026,2026-05-23,gtfs
4035,16304-1,Rauna,,59.44538,24.89058,,,,4035,2026-05-23,gtfs
14254,16106-1,Sabatähe,,59.4413,24.85849,,,,14254,2026-05-23,gtfs
3846,16006-1,Taevakivi,,59.44131,24.8619,,,,3846,2026-05-23,gtfs
12120,16008-1,Taevakivi,,59.44242,24.8651,,,,12120,2026-05-23,gtfs
138215,13513-1,Lennujaam,,59.41814,24.79954,,,,708,2026-05-23,gtfs
138868,13514-1,Lennujaam,,59.41843,24.79845,,,,5720,2026-05-23,gtfs
138869,13513-2,Lennujaam,,59.41821,24.79905,,,,5721,2026-05-23,gtfs
1461,15701-1,Loitsu,,59.44401,24.83972,,,,1461,2026-05-23,gtfs
1508,17401-1,Loitsu,,59.44433,24.83911,,,,1508,2026-05-23,gtfs
1455,15502-1,Vana-Kuuli,,59.44322,24.82953,,,,1455,2026-05-23,gtfs
1503,17001-1,Kuristiku,,59.44946,24.8682,,,,1503,2026-05-23,gtfs
1504,17002-1,Kuristiku,,59.44956,24.86948,,,,1504,2026-05-23,gtfs
145582,16908-1,Linnamäe tee,,59.44844,24.86403,,,,6019,2026-05-23,gtfs
1496,16801-1,Priisle kauplus,,59.44962,24.87972,,,,1496,2026-05-23,gtfs
1497,16802-1,Priisle kauplus,,59.44932,24.88133,,,,1497,2026-05-23,gtfs
128583,13504-1,Dvigatel,,59.42145,24.80203,,,,124,2026-05-23,gtfs
128587,13505-1,Dvigatel,,59.42236,24.80231,,,,125,2026-05-23,gtfs
128589,13507-1,Lõõtsa,,59.42082,24.80232,,,,127,2026-05-23,gtfs
1477,16202-1,Mahtra,,59.43925,24.8747,,,,1477,2026-05-23,gtfs
1478,16203-1,Mahtra,,59.43945,24.87618,,,,1478,2026-05-23,gtfs
164096,00019-1,Majaka põik,,59.42694,24.79816,,,,6897,2026-05-23,gtfs
1418,14801-1,Majaka,,59.42997,24.78653,,,,1418,2026-05-23,gtfs
1419,14802-1,Majaka,,59.42996,24.78656,,,,1419,2026-05-23,gtfs
1420,14803-1,Majaka,,59.42989,24.78634,,,,1420,2026-05-23,gtfs
1421,14804-1,Majaka,,59.4299,24.78632,,,,1421,2026-05-23,gtfs
1424,14901-1,Majaka põik,,59.42656,24.79662,,,,1424,2026-05-23,gtfs
1425,14902-1,Majaka põik,,59.42651,24.7964,,,,1425,2026-05-23,gtfs
164038,14812-1,Majaka põik,,59.42668,24.79634,,,,6886,2026-05-23,gtfs
1422,14805-1,Sikupilli,,59.42811,24.79212,,,,1422,2026-05-23,gtfs
1423,14806-1,Sikupilli,,59.42806,24.79187,,,,1423,2026-05-23,gtfs
3679,14809-1,Sikupilli,,59.42805,24.7919,,,,3679,2026-05-23,gtfs
4320,14810-1,Sikupilli,,59.42812,24.79209,,,,4320,2026-05-23,gtfs
1498,16901-1,Läänemere tee,,59.45044,24.86073,,,,1498,2026-05-23,gtfs
1507,17103-1,Läänemere tee,,59.4504,24.86019,,,,1507,2026-05-23,gtfs
137667,16906-1,Linnamäe tee,,59.44848,24.86223,,,,5615,2026-05-23,gtfs
145581,16907-1,Linnamäe tee,,59.44781,24.86215,,,,5758,2026-05-23,gtfs
1489,16504-1,Iru,,59.46002,24.90427,,,,1489,2026-05-23,gtfs
1499,16902-1,Jussi,,59.45408,24.8618,,,,1499,2026-05-23,gtfs
1500,16903-1,Jussi,,59.45411,24.86272,,,,1500,2026-05-23,gtfs
1505,17101-1,Katleri,,59.45136,24.84784,,,,1505,2026-05-23,gtfs
1506,17102-1,Katleri,,59.45123,24.84949,,,,1506,2026-05-23,gtfs
1494,16703-1,Kelluka tee,,59.45483,24.87905,,,,1494,2026-05-23,gtfs
1495,16704-1,Kelluka tee,,59.45473,24.87932,,,,1495,2026-05-23,gtfs
1501,16904-1,Kose tee,,59.45506,24.8712,,,,1501,2026-05-23,gtfs
1502,16905-1,Kose tee,,59.45483,24.86958,,,,1502,2026-05-23,gtfs
1514,17802-1,Lasnamägi,,59.44501,24.81564,,,,1514,2026-05-23,gtfs
13727,17504-1,Loopealse,,59.45219,24.83799,,,,13727,2026-05-23,gtfs
13728,17507-1,Loopealse,,59.45182,24.83972,,,,13728,2026-05-23,gtfs
13328,17506-1,Meeliku,,59.45112,24.83334,,,,13328,2026-05-23,gtfs
13329,17503-1,Meeliku,,59.45067,24.83296,,,,13329,2026-05-23,gtfs
1509,17501-1,Paevälja,,59.44823,24.82691,,,,1509,2026-05-23,gtfs
1510,17502-1,Paevälja,,59.44845,24.82882,,,,1510,2026-05-23,gtfs
1470,16003-1,Osmussaare,,59.43554,24.86399,,,,1470,2026-05-23,gtfs
1471,16004-1,Osmussaare,,59.43587,24.86653,,,,1471,2026-05-23,gtfs
1459,15604-1,P. Pinna,,59.43551,24.83673,,,,1459,2026-05-23,gtfs
1412,14707-1,Kiive,,59.43011,24.80735,,,,1412,2026-05-23,gtfs
1441,15109-1,Kiive,,59.42984,24.80634,,,,1441,2026-05-23,gtfs
1451,15306-1,Paesilla,,59.43785,24.81894,,,,1451,2026-05-23,gtfs
1448,15303-1,Uus-Pae,,59.43568,24.81921,,,,1448,2026-05-23,gtfs
1449,15304-1,Uus-Pae,,59.43565,24.8182,,,,1449,2026-05-23,gtfs
1450,15305-1,Paesilla,,59.43791,24.81774,,,,1450,2026-05-23,gtfs
1452,15307-1,Paesilla,,59.43861,24.8199,,,,1452,2026-05-23,gtfs
1433,15101-1,Asunduse,,59.43096,24.7924,,,,1433,2026-05-23,gtfs
1434,15102-1,Asunduse,,59.43111,24.79306,,,,1434,2026-05-23,gtfs
164487,14813-1,Majaka,,59.4284,24.78951,,,,21,2026-05-23,gtfs
1435,15103-1,Pallasti,,59.43346,24.79741,,,,1435,2026-05-23,gtfs
1436,15104-1,Pallasti,,59.43415,24.7983,,,,1436,2026-05-23,gtfs
1390,14003-1,Paneeli,,59.42827,24.86956,,,,1390,2026-05-23,gtfs
1391,14004-1,Paneeli,,59.42842,24.8697,,,,1391,2026-05-23,gtfs
1392,14302-1,Pikamägi,,59.43359,24.86562,,,,1392,2026-05-23,gtfs
1393,14303-1,Pikamägi,,59.43353,24.86593,,,,1393,2026-05-23,gtfs
10792,14405-1,Gaasi,,59.43164,24.84848,,,,10792,2026-05-23,gtfs
1416,14711-1,Jüriöö park,,59.42713,24.82017,,,,1416,2026-05-23,gtfs
1417,14712-1,Jüriöö park,,59.42686,24.82142,,,,1417,2026-05-23,gtfs
3395,14808-1,Kivimurru,,59.42507,24.79489,,,,3395,2026-05-23,gtfs
1428,14905-1,Pae,,59.4262,24.80102,,,,1428,2026-05-23,gtfs
1429,14906-1,Pae,,59.42586,24.80173,,,,1429,2026-05-23,gtfs
13012,13010-1,Peterburi tee,,59.42416,24.78808,,,,13012,2026-05-23,gtfs
1405,14701-1,Suur-Paala,,59.4269,24.81404,,,,1405,2026-05-23,gtfs
1407,14702-1,Suur-Paala,,59.42674,24.81421,,,,1407,2026-05-23,gtfs
1408,14703-1,Suur-Paala,,59.42678,24.81467,,,,1408,2026-05-23,gtfs
1409,14704-1,Suur-Paala,,59.42667,24.8159,,,,1409,2026-05-23,gtfs
1410,14705-1,Väike-Paala,,59.42629,24.80956,,,,1410,2026-05-23,gtfs
1411,14706-1,Väike-Paala,,59.42646,24.80806,,,,1411,2026-05-23,gtfs
164090,00018-1,Väike-Paala,,59.42668,24.81052,,,,6895,2026-05-23,gtfs
1402,14601-1,Vesse,,59.42982,24.83755,,,,1402,2026-05-23,gtfs
1403,14602-1,Vesse,,59.42945,24.83745,,,,1403,2026-05-23,gtfs
143178,16513-1,Kuuskivi,,59.45077,24.89706,,,,5969,2026-05-23,gtfs
143510,16513-2,Kuuskivi,,59.45075,24.89712,,,,5972,2026-05-23,gtfs
13431,16509-1,Reidumägi,,59.45249,24.89046,,,,13431,2026-05-23,gtfs
13432,16511-1,Reidumägi,,59.4528,24.88906,,,,13432,2026-05-23,gtfs
1493,16702-1,Tondi mägi,,59.45442,24.8843,,,,1493,2026-05-23,gtfs
126958,14407-1,Lasnamäe turg,,59.4357,24.84345,,,,85,2026-05-23,gtfs
145993,16011-1,Mustakivisilla,,59.43992,24.86592,,,,6061,2026-05-23,gtfs
145994,16012-1,Mustakivisilla,,59.44013,24.86618,,,,6062,2026-05-23,gtfs
1396,14404-1,P. Pinna,,59.43495,24.83821,,,,1396,2026-05-23,gtfs
1460,15605-1,P. Pinna,,59.43465,24.83473,,,,1460,2026-05-23,gtfs
1413,14708-1,Paala,,59.43199,24.814,,,,1413,2026-05-23,gtfs
1442,15110-1,Paala,,59.43211,24.81311,,,,1442,2026-05-23,gtfs
1415,14710-1,Paekaare,,59.43291,24.82476,,,,1415,2026-05-23,gtfs
1447,15302-1,Paekaare,,59.43342,24.82702,,,,1447,2026-05-23,gtfs
1395,14403-1,Pikri,,59.43642,24.84784,,,,1395,2026-05-23,gtfs
1466,15802-1,Pikri,,59.43635,24.84596,,,,1466,2026-05-23,gtfs
1414,14709-1,Punane,,59.43232,24.81973,,,,1414,2026-05-23,gtfs
1446,15301-1,Punane,,59.43238,24.81849,,,,1446,2026-05-23,gtfs
145991,16009-1,Taevapuna,,59.43863,24.85964,,,,6059,2026-05-23,gtfs
145992,16010-1,Taevapuna,,59.43855,24.85816,,,,6060,2026-05-23,gtfs
1479,16204-1,Raadiku,,59.44143,24.8784,,,,1479,2026-05-23,gtfs
1480,16205-1,Raadiku,,59.44146,24.88034,,,,1480,2026-05-23,gtfs
4015,16207-1,Raadikusilla,,59.44225,24.88342,,,,4015,2026-05-23,gtfs
1365,13406-1,Dvigatel,,59.42296,24.80311,,,,1365,2026-05-23,gtfs
4050,13401-1,Järvevana,,59.42293,24.78878,,,,4050,2026-05-23,gtfs
4051,13402-1,Järvevana,,59.42271,24.78911,,,,4051,2026-05-23,gtfs
1369,13502-1,Kaubajaama,,59.42285,24.81199,,,,1369,2026-05-23,gtfs
1370,13503-1,Kesk-Sõjamäe,,59.42212,24.82092,,,,1370,2026-05-23,gtfs
1374,13701-1,Kesk-Sõjamäe,,59.42236,24.82114,,,,1374,2026-05-23,gtfs
133742,13807-1,Nuia,,59.41569,24.85379,,,,4232,2026-05-23,gtfs
133743,13808-1,Nuia,,59.41587,24.8514,,,,4233,2026-05-23,gtfs
1375,13702-1,Orto,,59.42105,24.82538,,,,1375,2026-05-23,gtfs
1376,13703-1,Orto,,59.4208,24.82578,,,,1376,2026-05-23,gtfs
1383,13803-1,Raudbetooni,,59.41586,24.85865,,,,1383,2026-05-23,gtfs
1384,13804-1,Raudbetooni,,59.41567,24.86108,,,,1384,2026-05-23,gtfs
1381,13801-1,Ruunaoja,,59.41588,24.84328,,,,1381,2026-05-23,gtfs
1382,13802-1,Ruunaoja,,59.41565,24.84427,,,,1382,2026-05-23,gtfs
1385,13805-1,Sõjamäe,,59.41613,24.86524,,,,1385,2026-05-23,gtfs
1379,13706-1,Suur-Sõjamäe,,59.41681,24.83822,,,,1379,2026-05-23,gtfs
1380,13707-1,Suur-Sõjamäe,,59.41647,24.83879,,,,1380,2026-05-23,gtfs
1377,13704-1,Tubaka,,59.4193,24.83074,,,,1377,2026-05-23,gtfs
1378,13705-1,Tubaka,,59.41905,24.83109,,,,1378,2026-05-23,gtfs
1362,13403-1,Ülemiste jaam,,59.42316,24.79516,,,,1362,2026-05-23,gtfs
1363,13404-1,Ülemiste jaam,,59.42296,24.79297,,,,1363,2026-05-23,gtfs
4031,16605-1,Priisle,,59.44597,24.89796,,,,4031,2026-05-23,gtfs
1490,16601-1,Seli,,59.44492,24.89661,,,,1490,2026-05-23,gtfs
1491,16602-1,Seli,,59.4443,24.89682,,,,1491,2026-05-23,gtfs
3678,16603-1,Seli,,59.44501,24.89798,,,,3678,2026-05-23,gtfs
1484,16401-1,Ümera,,59.4436,24.89001,,,,1484,2026-05-23,gtfs
1485,16402-1,Ümera,,59.44354,24.89059,,,,1485,2026-05-23,gtfs
1482,16302-1,Ussimäe tee,,59.4488,24.89076,,,,1482,2026-05-23,gtfs
1487,16502-1,Ussimäe tee,,59.44911,24.89195,,,,1487,2026-05-23,gtfs
13199,15112-1,Hundikuristiku,,59.44005,24.80628,,,,13199,2026-05-23,gtfs
13200,15113-1,Hundikuristiku,,59.441,24.8086,,,,13200,2026-05-23,gtfs
10808,15100-1,Kumu,,59.4355,24.79838,,,,10808,2026-05-23,gtfs
10809,15204-1,Kumu,,59.4361,24.79883,,,,10809,2026-05-23,gtfs
1439,15107-1,Uuslinn,,59.43805,24.802,,,,1439,2026-05-23,gtfs
1440,15108-1,Uuslinn,,59.43812,24.80251,,,,1440,2026-05-23,gtfs
128588,13506-1,Lõõtsa,,59.42027,24.80294,,,,126,2026-05-23,gtfs
128590,13508-1,Valukoja,,59.42031,24.80831,,,,128,2026-05-23,gtfs
128591,13509-1,Valukoja,,59.42036,24.81032,,,,129,2026-05-23,gtfs
1512,17602-1,Vana-Kuuli,,59.44389,24.82822,,,,1512,2026-05-23,gtfs
1467,15803-1,Varraku,,59.4382,24.85132,,,,1467,2026-05-23,gtfs
1468,16001-1,Varraku,,59.43878,24.85124,,,,1468,2026-05-23,gtfs
1463,15703-1,Virbi,,59.44372,24.84674,,,,1463,2026-05-23,gtfs
1464,15704-1,Virbi,,59.44285,24.84713,,,,1464,2026-05-23,gtfs
138352,15311-1,Võidujooksu,,59.43568,24.81225,,,,5653,2026-05-23,gtfs
138353,15312-1,Võidujooksu,,59.43602,24.81168,,,,5654,2026-05-23,gtfs
140953,02303-1,Mustamäe tee,,59.40785,24.68922,,,,5839,2026-05-23,gtfs
904,03104-1,Autobussikoondis,,59.41049,24.66565,,,,904,2026-05-23,gtfs
912,03205-1,Karjavälja,,59.40886,24.68274,,,,912,2026-05-23,gtfs
860,02108-1,Lakiotsa,,59.40993,24.67364,,,,860,2026-05-23,gtfs
910,03203-1,Lakiotsa,,59.40957,24.67487,,,,910,2026-05-23,gtfs
861,02109-1,Mustamäe tee,,59.40798,24.6869,,,,861,2026-05-23,gtfs
877,02605-1,Retke tee,,59.40361,24.7066,,,,877,2026-05-23,gtfs
863,02111-1,Sipelga,,59.40698,24.69347,,,,863,2026-05-23,gtfs
913,03206-1,Sipelga,,59.4064,24.69511,,,,913,2026-05-23,gtfs
927,03505-1,Kadaka,,59.40335,24.65627,,,,927,2026-05-23,gtfs
3110,01801-1,Kadaka,,59.40466,24.65491,,,,3110,2026-05-23,gtfs
881,02801-1,Keemia,,59.39701,24.66878,,,,881,2026-05-23,gtfs
882,02802-1,Keemia,,59.39712,24.66806,,,,882,2026-05-23,gtfs
920,03501-1,Mustamäe,,59.39968,24.66084,,,,920,2026-05-23,gtfs
922,03404-1,Mustamäe,,59.39956,24.66084,,,,922,2026-05-23,gtfs
923,03502-1,Mustamäe,,59.40004,24.65948,,,,923,2026-05-23,gtfs
924,03503-1,Mustamäe,,59.40098,24.65806,,,,924,2026-05-23,gtfs
925,03503-2,Mustamäe,,59.40117,24.65768,,,,925,2026-05-23,gtfs
136255,01803-1,Pöörise,,59.40559,24.65311,,,,3753,2026-05-23,gtfs
136256,03506-1,Pöörise,,59.40613,24.65176,,,,4586,2026-05-23,gtfs
926,03504-1,Raja,,59.39759,24.66319,,,,926,2026-05-23,gtfs
907,03107-1,Akadeemia tee,,59.40177,24.6606,,,,907,2026-05-23,gtfs
921,03405-1,Akadeemia tee,,59.4013,24.65998,,,,921,2026-05-23,gtfs
906,03106-1,Kaja,,59.40373,24.66589,,,,906,2026-05-23,gtfs
917,03401-1,Kaja,,59.40334,24.66464,,,,917,2026-05-23,gtfs
867,02402-1,Lehola,,59.40308,24.68743,,,,867,2026-05-23,gtfs
871,02502-1,Lehola,,59.40324,24.6876,,,,871,2026-05-23,gtfs
909,03202-1,Szolnok,,59.40484,24.67529,,,,909,2026-05-23,gtfs
916,03304-1,Szolnok,,59.40482,24.6769,,,,916,2026-05-23,gtfs
854,02102-1,Autobussikoondis,,59.41168,24.66345,,,,854,2026-05-23,gtfs
905,03105-1,E. Vilde tee,,59.4047,24.66871,,,,905,2026-05-23,gtfs
911,03204-1,E. Vilde tee,,59.40543,24.66862,,,,911,2026-05-23,gtfs
915,03303-1,E. Vilde tee,,59.40332,24.66979,,,,915,2026-05-23,gtfs
918,03402-1,E. Vilde tee,,59.40312,24.66938,,,,918,2026-05-23,gtfs
914,03302-1,Männi,,59.40035,24.67122,,,,914,2026-05-23,gtfs
919,03403-1,Männi,,59.40093,24.67041,,,,919,2026-05-23,gtfs
888,02808-1,Tehnikaülikool,,59.39488,24.6732,,,,888,2026-05-23,gtfs
894,02906-1,Tehnikaülikool,,59.39532,24.67336,,,,894,2026-05-23,gtfs
895,02907-1,J. Sütiste tee,,59.39548,24.6839,,,,895,2026-05-23,gtfs
3940,02908-1,J. Sütiste tee,,59.39542,24.6836,,,,3940,2026-05-23,gtfs
880,02703-1,Tervise,,59.39697,24.69907,,,,880,2026-05-23,gtfs
900,03004-1,Tervise,,59.39708,24.69843,,,,900,2026-05-23,gtfs
929,03602-1,Kassi,,59.39969,24.64591,,,,929,2026-05-23,gtfs
930,03603-1,Mäepealse,,59.39476,24.64434,,,,930,2026-05-23,gtfs
931,03604-1,Mäepealse,,59.39405,24.64372,,,,931,2026-05-23,gtfs
1120,08202-1,Aiandi,,59.41432,24.68943,,,,1120,2026-05-23,gtfs
1121,08203-1,Aiandi,,59.41467,24.68887,,,,1121,2026-05-23,gtfs
838,01501-1,Autobussikoondis,,59.40985,24.6627,,,,838,2026-05-23,gtfs
862,02110-1,Joostimägi,,59.41382,24.67148,,,,862,2026-05-23,gtfs
149343,02103-1,Joostimägi,,59.41396,24.67246,,,,91,2026-05-23,gtfs
902,03102-1,Kadaka,,59.40533,24.65791,,,,902,2026-05-23,gtfs
3399,01802-1,Kadaka,,59.40366,24.65453,,,,3399,2026-05-23,gtfs
853,02101-1,Kadaka Selver,,59.41118,24.66614,,,,853,2026-05-23,gtfs
856,02104-1,Kadaka Selver,,59.4126,24.66862,,,,856,2026-05-23,gtfs
928,03601-1,Kassi,,59.40103,24.64833,,,,928,2026-05-23,gtfs
857,02105-1,Laki,,59.4165,24.67841,,,,857,2026-05-23,gtfs
147027,03103-1,Pilvetee,,59.40788,24.66169,,,,6159,2026-05-23,gtfs
147028,03108-1,Pilvetee,,59.40749,24.66083,,,,6160,2026-05-23,gtfs
889,02901-1,Keskuse,,59.39919,24.6802,,,,889,2026-05-23,gtfs
890,02902-1,Keskuse,,59.40053,24.67847,,,,890,2026-05-23,gtfs
893,02905-1,Männi,,59.39992,24.67207,,,,893,2026-05-23,gtfs
149576,02909-1,Männi,,59.4002,24.67302,,,,6251,2026-05-23,gtfs
126806,03606-1,Kivinuka,,59.39487,24.65229,,,,68,2026-05-23,gtfs
126807,03607-1,Kivinuka,,59.39503,24.65057,,,,69,2026-05-23,gtfs
149240,03612-1,Mäealuse,,59.39556,24.65995,,,,5261,2026-05-23,gtfs
149242,03613-1,Mäealuse,,59.39537,24.6589,,,,5262,2026-05-23,gtfs
126805,03605-1,Mäepealse,,59.39462,24.64594,,,,67,2026-05-23,gtfs
872,02503-1,A. H. Tammsaare tee,,59.40707,24.68366,,,,872,2026-05-23,gtfs
908,03201-1,A. H. Tammsaare tee,,59.40682,24.68309,,,,908,2026-05-23,gtfs
858,02106-1,Aiandi,,59.41382,24.68993,,,,858,2026-05-23,gtfs
142465,03406-1,Kesk-Mustamäe,,59.40299,24.67894,,,,5922,2026-05-23,gtfs
142466,03407-1,Kesk-Mustamäe,,59.40311,24.6795,,,,5923,2026-05-23,gtfs
859,02107-1,Sääse,,59.41066,24.687,,,,859,2026-05-23,gtfs
864,02201-1,Sääse,,59.41132,24.68821,,,,864,2026-05-23,gtfs
887,02807-1,Raja,,59.39584,24.66278,,,,887,2026-05-23,gtfs
885,02805-1,Trummi,,59.393,24.66292,,,,885,2026-05-23,gtfs
886,02806-1,Trummi,,59.3924,24.6635,,,,886,2026-05-23,gtfs
878,02701-1,Lastehaigla,,59.39945,24.70603,,,,878,2026-05-23,gtfs
879,02702-1,Lastehaigla,,59.39903,24.70571,,,,879,2026-05-23,gtfs
874,02602-1,Retke tee,,59.40243,24.70656,,,,874,2026-05-23,gtfs
875,02603-1,Retke tee,,59.40277,24.70664,,,,875,2026-05-23,gtfs
891,02903-1,Ehitajate tee,,59.39797,24.67663,,,,891,2026-05-23,gtfs
892,02904-1,Ehitajate tee,,59.39808,24.67517,,,,892,2026-05-23,gtfs
870,02501-1,Lepistiku,,59.40275,24.69749,,,,870,2026-05-23,gtfs
873,02601-1,Lepistiku,,59.40312,24.69886,,,,873,2026-05-23,gtfs
869,02404-1,Liivaku,,59.39898,24.68229,,,,869,2026-05-23,gtfs
897,03001-1,Liivaku,,59.39884,24.68416,,,,897,2026-05-23,gtfs
898,03002-1,Liivaku,,59.39888,24.68367,,,,898,2026-05-23,gtfs
865,02301-1,Siili,,59.40836,24.70411,,,,865,2026-05-23,gtfs
866,02302-1,Siili,,59.40776,24.70302,,,,866,2026-05-23,gtfs
868,02403-1,Vambola,,59.3998,24.68885,,,,868,2026-05-23,gtfs
899,03003-1,Vambola,,59.39971,24.69021,,,,899,2026-05-23,gtfs
883,02803-1,Üliõpilaste tee,,59.39247,24.67281,,,,883,2026-05-23,gtfs
884,02804-1,Üliõpilaste tee,,59.39268,24.67326,,,,884,2026-05-23,gtfs
986,05201-1,Hiiu,,59.3766,24.67765,,,,986,2026-05-23,gtfs
989,05204-1,Metsa,,59.37985,24.67498,,,,989,2026-05-23,gtfs
971,04801-1,Raudtee,,59.38311,24.67246,,,,971,2026-05-23,gtfs
937,03707-1,Hommiku,,59.3793,24.63707,,,,937,2026-05-23,gtfs
933,03703-1,Hommiku,,59.37949,24.63679,,,,933,2026-05-23,gtfs
934,03704-1,Hommiku,,59.37893,24.63641,,,,934,2026-05-23,gtfs
935,03705-1,Kalda,,59.38231,24.63805,,,,935,2026-05-23,gtfs
936,03706-1,Kalda,,59.38242,24.63829,,,,936,2026-05-23,gtfs
939,03802-1,Nõva,,59.39051,24.64241,,,,939,2026-05-23,gtfs
940,03803-1,Nõva,,59.38978,24.6418,,,,940,2026-05-23,gtfs
932,03702-1,Õitse,,59.37577,24.63486,,,,932,2026-05-23,gtfs
941,04001-1,Õitse,,59.37527,24.63444,,,,941,2026-05-23,gtfs
943,04101-1,Pääsküla,,59.3704,24.63206,,,,943,2026-05-23,gtfs
960,04605-1,Pääsküla,,59.36957,24.63144,,,,960,2026-05-23,gtfs
956,04601-1,Rohula,,59.36567,24.62951,,,,956,2026-05-23,gtfs
957,04602-1,Rohula,,59.36513,24.62912,,,,957,2026-05-23,gtfs
942,04002-1,Sireli,,59.37345,24.63348,,,,942,2026-05-23,gtfs
944,04102-1,Sireli,,59.37281,24.63331,,,,944,2026-05-23,gtfs
1008,05901-1,Karusmarja,,59.38039,24.71777,,,,1008,2026-05-23,gtfs
1009,05902-1,Karusmarja,,59.37986,24.71744,,,,1009,2026-05-23,gtfs
1016,06104-1,Kauge,,59.36955,24.71765,,,,1016,2026-05-23,gtfs
1017,06105-1,Kauge,,59.37177,24.71714,,,,1017,2026-05-23,gtfs
1037,06408-1,Leesika,,59.38698,24.71813,,,,1037,2026-05-23,gtfs
1038,06409-1,Leesika,,59.38686,24.71771,,,,1038,2026-05-23,gtfs
1035,06406-1,Liiva,,59.38841,24.71944,,,,1035,2026-05-23,gtfs
1014,06101-1,Männiku,,59.36683,24.71798,,,,1014,2026-05-23,gtfs
1015,06102-1,Männiku,,59.36605,24.71757,,,,1015,2026-05-23,gtfs
1010,05903-1,P. Kerese,,59.37794,24.71791,,,,1010,2026-05-23,gtfs
1011,05904-1,P. Kerese,,59.37708,24.71766,,,,1011,2026-05-23,gtfs
1018,06106-1,Pihlaka,,59.3735,24.71812,,,,1018,2026-05-23,gtfs
1019,06107-1,Pihlaka,,59.37444,24.71781,,,,1019,2026-05-23,gtfs
1030,06401-1,Risti,,59.39111,24.72158,,,,1030,2026-05-23,gtfs
1039,06410-1,Värava,,59.38501,24.71767,,,,1039,2026-05-23,gtfs
1040,06411-1,Värava,,59.3844,24.71728,,,,1040,2026-05-23,gtfs
3926,04501-1,Laaniku,,59.36141,24.61385,,,,3926,2026-05-23,gtfs
3933,04502-1,Laaniku,,59.36092,24.61284,,,,3933,2026-05-23,gtfs
3935,04504-1,Turbasambla,,59.3567,24.61128,,,,3935,2026-05-23,gtfs
985,05105-1,Pargi,,59.3754,24.67277,,,,985,2026-05-23,gtfs
973,04803-1,Põllu,,59.38019,24.66818,,,,973,2026-05-23,gtfs
962,04701-1,Hiiu jaam,,59.38442,24.67313,,,,962,2026-05-23,gtfs
963,04702-1,Hiiu jaam,,59.3846,24.67308,,,,963,2026-05-23,gtfs
1033,06404-1,Kirde,,59.38973,24.71099,,,,1033,2026-05-23,gtfs
1034,06405-1,Kirde,,59.38977,24.71057,,,,1034,2026-05-23,gtfs
974,05001-1,Kivimäe jaam,,59.3787,24.65546,,,,974,2026-05-23,gtfs
975,05002-1,Kivimäe jaam,,59.37844,24.65444,,,,975,2026-05-23,gtfs
10692,06305-1,Kurni,,59.39152,24.71921,,,,10692,2026-05-23,gtfs
976,05003-1,Laane,,59.37624,24.64998,,,,976,2026-05-23,gtfs
977,05004-1,Laane,,59.37578,24.64877,,,,977,2026-05-23,gtfs
990,05401-1,Nõmme,,59.38745,24.68673,,,,990,2026-05-23,gtfs
991,05402-1,Nõmme,,59.38783,24.68298,,,,991,2026-05-23,gtfs
945,04103-1,Pääsküla jaam,,59.3695,24.63839,,,,945,2026-05-23,gtfs
961,04607-1,Pääsküla jaam,,59.36874,24.63701,,,,961,2026-05-23,gtfs
954,04403-1,Pärnu maantee,,59.35973,24.63043,,,,954,2026-05-23,gtfs
955,04405-1,Pärnu maantee,,59.36003,24.62983,,,,955,2026-05-23,gtfs
1026,06301-1,Rahumäe,,59.3887,24.70481,,,,1026,2026-05-23,gtfs
1027,06302-1,Rahumäe,,59.38869,24.70372,,,,1027,2026-05-23,gtfs
1031,06402-1,Risti,,59.39259,24.72378,,,,1031,2026-05-23,gtfs
1032,06403-1,Risti,,59.39198,24.72071,,,,1032,2026-05-23,gtfs
997,05501-1,Roheline,,59.38639,24.69109,,,,997,2026-05-23,gtfs
998,05502-1,Roheline,,59.38657,24.69231,,,,998,2026-05-23,gtfs
958,04603-1,Rohula,,59.36573,24.63261,,,,958,2026-05-23,gtfs
959,04604-1,Rohula,,59.36528,24.6313,,,,959,2026-05-23,gtfs
978,05005-1,Salve,,59.38143,24.66424,,,,978,2026-05-23,gtfs
979,05006-1,Salve,,59.38128,24.66326,,,,979,2026-05-23,gtfs
139011,04505-1,Sillaotsa,,59.35347,24.62933,,,,5739,2026-05-23,gtfs
952,04401-1,Vana-Pääsküla,,59.35608,24.63116,,,,952,2026-05-23,gtfs
953,04402-1,Vana-Pääsküla,,59.35563,24.63049,,,,953,2026-05-23,gtfs
13201,04104-1,Värsi,,59.37258,24.64286,,,,13201,2026-05-23,gtfs
13202,04107-1,Värsi,,59.37302,24.6439,,,,13202,2026-05-23,gtfs
993,05404-1,Võsu,,59.38613,24.67753,,,,993,2026-05-23,gtfs
994,05405-1,Võsu,,59.38619,24.67726,,,,994,2026-05-23,gtfs
1024,06203-1,Kalmistu,,59.39223,24.70859,,,,1024,2026-05-23,gtfs
1025,06204-1,Kalmistu,,59.39191,24.70843,,,,1025,2026-05-23,gtfs
1022,06201-1,Rahumäe,,59.38928,24.70232,,,,1022,2026-05-23,gtfs
995,05406-1,Kõue,,59.38696,24.69116,,,,995,2026-05-23,gtfs
996,05407-1,Kõue,,59.38694,24.69004,,,,996,2026-05-23,gtfs
1023,06202-1,Rahumäe,,59.38871,24.70191,,,,1023,2026-05-23,gtfs
972,04802-1,Raudtee,,59.38303,24.67112,,,,972,2026-05-23,gtfs
938,03801-1,Kadaka puiestee,,59.38721,24.6412,,,,938,2026-05-23,gtfs
970,04709-1,Kadaka puiestee,,59.3871,24.64171,,,,970,2026-05-23,gtfs
968,04707-1,Tähetorni,,59.38649,24.64646,,,,968,2026-05-23,gtfs
969,04708-1,Tähetorni,,59.3865,24.64667,,,,969,2026-05-23,gtfs
966,04705-1,Vääna,,59.38407,24.65208,,,,966,2026-05-23,gtfs
967,04706-1,Vääna,,59.3843,24.65177,,,,967,2026-05-23,gtfs
992,05403-1,Nõmme,,59.3888,24.68334,,,,992,2026-05-23,gtfs
964,04703-1,Pidu,,59.38319,24.66215,,,,964,2026-05-23,gtfs
965,04704-1,Pidu,,59.3833,24.66446,,,,965,2026-05-23,gtfs
1006,05706-1,Haava,,59.38307,24.7058,,,,1006,2026-05-23,gtfs
1007,05707-1,Haava,,59.38263,24.70424,,,,1007,2026-05-23,gtfs
987,05202-1,Hiiu,,59.376,24.67864,,,,987,2026-05-23,gtfs
988,05203-1,Hiiu,,59.37598,24.67731,,,,988,2026-05-23,gtfs
983,05103-1,Hõimu,,59.37026,24.6581,,,,983,2026-05-23,gtfs
984,05104-1,Hõimu,,59.37011,24.65722,,,,984,2026-05-23,gtfs
981,05101-1,J. V. Jannseni,,59.37367,24.66728,,,,981,2026-05-23,gtfs
982,05102-1,J. V. Jannseni,,59.3729,24.66434,,,,982,2026-05-23,gtfs
999,05601-1,Kaare,,59.37762,24.68669,,,,999,2026-05-23,gtfs
1000,05602-1,Kaare,,59.37755,24.68542,,,,1000,2026-05-23,gtfs
1036,06407-1,Liiva,,59.38821,24.71804,,,,1036,2026-05-23,gtfs
949,04301-1,Naaritsa,,59.36479,24.63753,,,,949,2026-05-23,gtfs
950,04302-1,Naaritsa,,59.3648,24.63599,,,,950,2026-05-23,gtfs
1028,06303-1,Näituse,,59.3857,24.71232,,,,1028,2026-05-23,gtfs
1029,06304-1,Näituse,,59.38535,24.71099,,,,1029,2026-05-23,gtfs
1004,05704-1,Nurme,,59.37947,24.6952,,,,1004,2026-05-23,gtfs
1005,05705-1,Nurme,,59.37921,24.6936,,,,1005,2026-05-23,gtfs
948,04203-1,Raba,,59.3659,24.64258,,,,948,2026-05-23,gtfs
951,04303-1,Raba,,59.36608,24.64425,,,,951,2026-05-23,gtfs
1001,05701-1,Valdeku,,59.38088,24.70038,,,,1001,2026-05-23,gtfs
1002,05702-1,Valdeku,,59.3805,24.69867,,,,1002,2026-05-23,gtfs
946,04201-1,Vikerkaare,,59.36781,24.65218,,,,946,2026-05-23,gtfs
947,04202-1,Vikerkaare,,59.36755,24.65023,,,,947,2026-05-23,gtfs
1013,05906-1,Astri,,59.37771,24.70651,,,,1013,2026-05-23,gtfs
1021,06109-1,Astri,,59.37792,24.70528,,,,1021,2026-05-23,gtfs
1041,06601-1,Kalmu,,59.37563,24.7255,,,,1041,2026-05-23,gtfs
1042,06602-1,Kalmu,,59.37563,24.72733,,,,1042,2026-05-23,gtfs
1012,05905-1,Kraavi,,59.37572,24.71579,,,,1012,2026-05-23,gtfs
1020,06108-1,Kraavi,,59.37626,24.71281,,,,1020,2026-05-23,gtfs
1043,06603-1,Liiva kalmistu,,59.37593,24.73342,,,,1043,2026-05-23,gtfs
1044,06604-1,Liiva kalmistu,,59.37588,24.73388,,,,1044,2026-05-23,gtfs
1045,06605-1,Raku,,59.37628,24.74244,,,,1045,2026-05-23,gtfs
1046,06606-1,Raku,,59.37626,24.74396,,,,1046,2026-05-23,gtfs
1003,05703-1,Valdeku,,59.38031,24.70013,,,,1003,2026-05-23,gtfs
1047,06609-1,Kaarla,,59.36756,24.7565,,,,1047,2026-05-23,gtfs
1048,06610-1,Kaarla,,59.36705,24.75705,,,,1048,2026-05-23,gtfs
1049,06611-1,Raudalu,,59.36259,24.76436,,,,1049,2026-05-23,gtfs
3099,18623-1,Äigrumäe,,59.48138,24.89083,,,,3099,2026-05-23,gtfs
1535,18304-1,Helmiku tee,,59.45693,24.88022,,,,1535,2026-05-23,gtfs
1538,18503-1,Kalmuse tee,,59.46865,24.83997,,,,1538,2026-05-23,gtfs
1539,18504-1,Kalmuse tee,,59.46846,24.8387,,,,1539,2026-05-23,gtfs
1548,18603-1,Kloostrimetsa,,59.47135,24.87685,,,,1548,2026-05-23,gtfs
1549,18604-1,Kloostrimetsa,,59.47131,24.87773,,,,1549,2026-05-23,gtfs
1546,18601-1,Metsakalmistu,,59.46828,24.86724,,,,1546,2026-05-23,gtfs
1547,18602-1,Metsakalmistu,,59.4679,24.8661,,,,1547,2026-05-23,gtfs
1550,18605-1,Teletorn,,59.47254,24.88413,,,,1550,2026-05-23,gtfs
1551,18606-1,Teletorn,,59.4726,24.88523,,,,1551,2026-05-23,gtfs
1527,18201-1,Haljas tee,,59.4592,24.84642,,,,1527,2026-05-23,gtfs
1528,18202-1,Haljas tee,,59.45909,24.84619,,,,1528,2026-05-23,gtfs
1531,18205-1,Kose,,59.458,24.86106,,,,1531,2026-05-23,gtfs
1529,18203-1,Lükati tee,,59.45871,24.85081,,,,1529,2026-05-23,gtfs
1530,18204-1,Lükati tee,,59.45827,24.85374,,,,1530,2026-05-23,gtfs
1517,17903-1,Saare,,59.45865,24.82026,,,,1517,2026-05-23,gtfs
1524,18101-1,Saare,,59.45851,24.81998,,,,1524,2026-05-23,gtfs
1520,17906-1,Sarapuu,,59.45899,24.83516,,,,1520,2026-05-23,gtfs
1523,18001-1,Sarapuu,,59.45891,24.83567,,,,1523,2026-05-23,gtfs
1518,17904-1,Tamme,,59.45778,24.82515,,,,1518,2026-05-23,gtfs
1525,18102-1,Tamme,,59.4578,24.82393,,,,1525,2026-05-23,gtfs
1519,17905-1,Urva,,59.4584,24.83098,,,,1519,2026-05-23,gtfs
1526,18103-1,Urva,,59.45814,24.82986,,,,1526,2026-05-23,gtfs
12027,18808-1,Kaasiku,,59.4865,24.84178,,,,12027,2026-05-23,gtfs
12028,18804-1,Kaasiku,,59.48549,24.84168,,,,12028,2026-05-23,gtfs
1545,18510-1,Mähe tee,,59.48037,24.84016,,,,1545,2026-05-23,gtfs
1572,18901-1,Mähe tee,,59.48105,24.84098,,,,1572,2026-05-23,gtfs
1536,18501-1,Pirita,,59.46671,24.83271,,,,1536,2026-05-23,gtfs
1537,18502-1,Pirita,,59.46724,24.83392,,,,1537,2026-05-23,gtfs
1542,18507-1,Randvere tee,,59.47393,24.83706,,,,1542,2026-05-23,gtfs
1543,18508-1,Randvere tee,,59.47459,24.83817,,,,1543,2026-05-23,gtfs
1540,18505-1,Supluse puiestee,,59.47032,24.83487,,,,1540,2026-05-23,gtfs
1541,18506-1,Supluse puiestee,,59.47116,24.83582,,,,1541,2026-05-23,gtfs
1564,18619-1,Käära,,59.47287,24.91191,,,,1564,2026-05-23,gtfs
1565,18620-1,Käära,,59.4732,24.91356,,,,1565,2026-05-23,gtfs
1562,18617-1,Ristaia,,59.46914,24.9084,,,,1562,2026-05-23,gtfs
1563,18618-1,Ristaia,,59.4699,24.90923,,,,1563,2026-05-23,gtfs
1554,18609-1,Äigrumäe,,59.48044,24.89087,,,,1554,2026-05-23,gtfs
1555,18610-1,Äigrumäe,,59.4811,24.89002,,,,1555,2026-05-23,gtfs
11581,16508-1,Iru,,59.46178,24.90436,,,,11581,2026-05-23,gtfs
10103,18624-1,Kõlviku tee,,59.48375,24.8848,,,,10103,2026-05-23,gtfs
10104,18625-1,Kõlviku tee,,59.48447,24.88426,,,,10104,2026-05-23,gtfs
1560,18615-1,Laiaküla,,59.47007,24.90236,,,,1560,2026-05-23,gtfs
1561,18616-1,Laiaküla,,59.46911,24.90283,,,,1561,2026-05-23,gtfs
1552,18607-1,Liilia tee,,59.48607,24.88224,,,,1552,2026-05-23,gtfs
1553,18608-1,Liilia tee,,59.48629,24.8823,,,,1553,2026-05-23,gtfs
3097,19008-1,Mähe aedlinn,,59.48981,24.88048,,,,3097,2026-05-23,gtfs
1556,18611-1,Pärnamäe tee,,59.47453,24.8964,,,,1556,2026-05-23,gtfs
1557,18612-1,Pärnamäe tee,,59.47297,24.89849,,,,1557,2026-05-23,gtfs
1558,18613-1,Pärnamäe tee,,59.47483,24.8964,,,,1558,2026-05-23,gtfs
1559,18614-1,Pärnamäe tee,,59.47208,24.89935,,,,1559,2026-05-23,gtfs
1515,17901-1,Lillepi,,59.46066,24.81761,,,,1515,2026-05-23,gtfs
1516,17902-1,Lillepi,,59.46075,24.81995,,,,1516,2026-05-23,gtfs
14391,17910-1,Lillepi park,,59.46053,24.81897,,,,14391,2026-05-23,gtfs
142463,12705-1,Mälestusvälja,,59.45745,24.8119,,,,5920,2026-05-23,gtfs
1521,17907-1,Rummu,,59.4636,24.82708,,,,1521,2026-05-23,gtfs
1522,17908-1,Rummu,,59.4643,24.82936,,,,1522,2026-05-23,gtfs
14379,17909-1,Rummukõrtsi,,59.46213,24.82507,,,,14379,2026-05-23,gtfs
157945,18305-1,Puhkekodu tee,,59.45962,24.87755,,,,5820,2026-05-23,gtfs
1581,19003-1,Aianduse tee,,59.48839,24.87074,,,,1581,2026-05-23,gtfs
1582,19004-1,Aianduse tee,,59.48845,24.87149,,,,1582,2026-05-23,gtfs
1573,18902-1,Hämar tee,,59.47858,24.84882,,,,1573,2026-05-23,gtfs
1574,18903-1,Hämar tee,,59.4792,24.85033,,,,1574,2026-05-23,gtfs
1577,18906-1,Küüvitsa tee,,59.48332,24.85954,,,,1577,2026-05-23,gtfs
1578,18907-1,Küüvitsa tee,,59.48373,24.86021,,,,1578,2026-05-23,gtfs
1575,18904-1,Mähe,,59.48007,24.85434,,,,1575,2026-05-23,gtfs
1576,18905-1,Mähe,,59.48029,24.85507,,,,1576,2026-05-23,gtfs
1584,19006-1,Mähe aedlinn,,59.491,24.88122,,,,1584,2026-05-23,gtfs
1585,19007-1,Mähe aedlinn,,59.49072,24.87884,,,,1585,2026-05-23,gtfs
1579,19001-1,Oblika tee,,59.487,24.86525,,,,1579,2026-05-23,gtfs
1580,19002-1,Oblika tee,,59.4871,24.86539,,,,1580,2026-05-23,gtfs
3993,19009-1,Pojengi tee,,59.48974,24.87594,,,,3993,2026-05-23,gtfs
1544,18509-1,Randvere tee,,59.47404,24.83861,,,,1544,2026-05-23,gtfs
1566,18801-1,Aia tee,,59.48941,24.83555,,,,1566,2026-05-23,gtfs
1567,18802-1,Aia tee,,59.48978,24.83544,,,,1567,2026-05-23,gtfs
1570,18805-1,Merivälja,,59.49661,24.82792,,,,1570,2026-05-23,gtfs
1571,18806-1,Merivälja,,59.49716,24.82877,,,,1571,2026-05-23,gtfs
1568,18803-1,Tuule tee,,59.49211,24.82922,,,,1568,2026-05-23,gtfs
1569,18807-1,Tuule tee,,59.49272,24.82891,,,,1569,2026-05-23,gtfs
10684,18908-1,Kastevarre tee,,59.48859,24.85895,,,,10684,2026-05-23,gtfs
10682,18910-1,Merivälja pansion,,59.48905,24.84983,,,,10682,2026-05-23,gtfs
1532,18301-1,Kose,,59.45802,24.86241,,,,1532,2026-05-23,gtfs
1534,18303-1,Metsakooli tee,,59.46193,24.8748,,,,1534,2026-05-23,gtfs
1533,18302-1,Nurmiku tee,,59.45954,24.86815,,,,1533,2026-05-23,gtfs
135634,10615-1,Miinisadam,,59.45095,24.72176,,,,4560,2026-05-23,gtfs
1191,09810-1,Erika,,59.45212,24.71671,,,,1191,2026-05-23,gtfs
1182,09801-1,Väike-Erika,,59.45006,24.71434,,,,1182,2026-05-23,gtfs
135628,10604-1,Kalarand,,59.4467,24.74644,,,,4554,2026-05-23,gtfs
135629,10605-1,Kalarand,,59.44569,24.74764,,,,4555,2026-05-23,gtfs
135630,10611-1,Lennusadam,,59.45029,24.73642,,,,4556,2026-05-23,gtfs
135631,10612-1,Lennusadam,,59.44986,24.73784,,,,4557,2026-05-23,gtfs
135635,10616-1,Miinisadam,,59.45088,24.72357,,,,4561,2026-05-23,gtfs
135632,10613-1,Noblessneri,,59.45123,24.72657,,,,4558,2026-05-23,gtfs
135633,10614-1,Noblessneri,,59.45101,24.72788,,,,4559,2026-05-23,gtfs
1174,09602-1,Kari,,59.44812,24.69661,,,,1174,2026-05-23,gtfs
146741,09705-1,Helme,,59.44029,24.69903,,,,6146,2026-05-23,gtfs
1203,10003-1,Kolde puiestee,,59.43985,24.7094,,,,1203,2026-05-23,gtfs
1196,09903-1,Maisi,,59.44119,24.71298,,,,1196,2026-05-23,gtfs
1204,10004-1,Maisi,,59.44085,24.71322,,,,1204,2026-05-23,gtfs
155058,09707-1,Rannapargi,,59.44177,24.68748,,,,5697,2026-05-23,gtfs
1183,09802-1,Angerja,,59.45006,24.70975,,,,1183,2026-05-23,gtfs
1184,09803-1,Angerja,,59.45032,24.70946,,,,1184,2026-05-23,gtfs
1234,10801-1,Balti jaam,,59.44109,24.73788,,,,1234,2026-05-23,gtfs
1624,21101-1,Balti jaam,,59.44105,24.73843,,,,1624,2026-05-23,gtfs
1148,09005-1,Kopli,,59.46121,24.66793,,,,1148,2026-05-23,gtfs
1149,09006-1,Kopli,,59.46116,24.66757,,,,1149,2026-05-23,gtfs
1151,09007-2,Kopli,,59.46105,24.66963,,,,1151,2026-05-23,gtfs
138369,10404-1,Krulli,,59.44604,24.71738,,,,5658,2026-05-23,gtfs
138370,10405-1,Krulli,,59.44625,24.71702,,,,5659,2026-05-23,gtfs
1157,09106-1,Maleva,,59.45511,24.68961,,,,1157,2026-05-23,gtfs
1158,09107-1,Maleva,,59.45513,24.68907,,,,1158,2026-05-23,gtfs
138478,09405-1,Maleva,,59.45509,24.68924,,,,5692,2026-05-23,gtfs
1152,09101-1,Marati,,59.4573,24.67656,,,,1152,2026-05-23,gtfs
138222,09108-1,Marati,,59.4581,24.67552,,,,1774,2026-05-23,gtfs
138223,09109-1,Marati,,59.45783,24.67583,,,,3666,2026-05-23,gtfs
138473,09110-1,Marati,,59.45804,24.67541,,,,5690,2026-05-23,gtfs
138367,10803-1,Salme,,59.44193,24.7291,,,,5656,2026-05-23,gtfs
138368,10804-1,Salme,,59.44209,24.72867,,,,5657,2026-05-23,gtfs
1144,09001-1,Sepa,,59.46045,24.67005,,,,1144,2026-05-23,gtfs
1145,09002-1,Sepa,,59.45953,24.67216,,,,1145,2026-05-23,gtfs
1146,09003-1,Sepa,,59.45979,24.67187,,,,1146,2026-05-23,gtfs
138474,09008-1,Sepa,,59.45974,24.67175,,,,5691,2026-05-23,gtfs
1153,09102-1,Sirbi,,59.45466,24.68277,,,,1153,2026-05-23,gtfs
1154,09103-1,Sirbi,,59.45502,24.68132,,,,1154,2026-05-23,gtfs
1155,09104-1,Sirbi,,59.45489,24.68169,,,,1155,2026-05-23,gtfs
1156,09105-1,Sirbi,,59.45527,24.6809,,,,1156,2026-05-23,gtfs
1185,09804-1,Sitsi,,59.45306,24.70464,,,,1185,2026-05-23,gtfs
1186,09805-1,Sitsi,,59.45332,24.70437,,,,1186,2026-05-23,gtfs
1220,10403-1,Telliskivi,,59.44165,24.73218,,,,1220,2026-05-23,gtfs
1235,10802-1,Telliskivi,,59.4416,24.73275,,,,1235,2026-05-23,gtfs
1218,10401-1,Volta,,59.44399,24.72246,,,,1218,2026-05-23,gtfs
1219,10402-1,Volta,,59.44421,24.72213,,,,1219,2026-05-23,gtfs
1172,09505-1,Kari,,59.4488,24.69633,,,,1172,2026-05-23,gtfs
1168,09501-1,Randla,,59.4486,24.69161,,,,1168,2026-05-23,gtfs
150690,00157-1,Kopli liinid,,59.46057,24.67744,,,,6308,2026-05-23,gtfs
150693,00158-1,Maleva,,59.45605,24.6892,,,,6309,2026-05-23,gtfs
150688,00155-1,Neeme,,59.45871,24.6839,,,,6306,2026-05-23,gtfs
150689,00156-1,Neeme,,59.45815,24.685,,,,6307,2026-05-23,gtfs
14382,09307-1,Paagi,,59.46373,24.70149,,,,14382,2026-05-23,gtfs
14383,09308-1,Paagi,,59.46356,24.70187,,,,14383,2026-05-23,gtfs
1163,09305-1,Paljassaare põik,,59.46497,24.69958,,,,1163,2026-05-23,gtfs
1159,09301-1,Lahesuu,,59.45591,24.69915,,,,1159,2026-05-23,gtfs
1160,09302-1,Lahesuu,,59.45616,24.69947,,,,1160,2026-05-23,gtfs
138131,09309-1,Liisu,,59.46985,24.71721,,,,5649,2026-05-23,gtfs
138132,09310-1,Liisu,,59.46926,24.71643,,,,5650,2026-05-23,gtfs
1161,09303-1,Paljassaare,,59.46013,24.70331,,,,1161,2026-05-23,gtfs
1162,09304-1,Paljassaare,,59.45993,24.7044,,,,1162,2026-05-23,gtfs
13154,09306-1,Pikakari,,59.47111,24.71967,,,,13154,2026-05-23,gtfs
156733,09004-1,Pikakari,,59.47115,24.71952,,,,5263,2026-05-23,gtfs
1169,09502-1,Maleva,,59.45466,24.68976,,,,1169,2026-05-23,gtfs
146740,09608-1,Supelranna,,59.44383,24.68727,,,,6145,2026-05-23,gtfs
1227,10603-1,Linnahall,,59.44384,24.75147,,,,1227,2026-05-23,gtfs
1221,10501-1,Põhja puiestee,,59.4437,24.74407,,,,1221,2026-05-23,gtfs
1222,10502-1,Põhja puiestee,,59.44347,24.74369,,,,1222,2026-05-23,gtfs
127993,10505-1,Põhja puiestee,,59.44372,24.74124,,,,110,2026-05-23,gtfs
1176,09604-1,Puhangu,,59.44609,24.69948,,,,1176,2026-05-23,gtfs
1177,09605-1,Supelranna,,59.44409,24.68784,,,,1177,2026-05-23,gtfs
1175,09603-1,Vihuri,,59.44392,24.69494,,,,1175,2026-05-23,gtfs
1173,09601-1,Pelguranna,,59.44688,24.69103,,,,1173,2026-05-23,gtfs
1626,21105-7,Balti jaam,,59.4411,24.74065,,,,1626,2026-05-23,gtfs
9115,21105-1,Balti jaam 1,,59.44082,24.73952,,,,9115,2026-05-23,gtfs
9111,21105-2,Balti jaam 2,,59.44091,24.73977,,,,9111,2026-05-23,gtfs
9112,21105-3,Balti jaam 3,,59.44097,24.73941,,,,9112,2026-05-23,gtfs
9113,21105-4,Balti jaam 4,,59.44103,24.73962,,,,9113,2026-05-23,gtfs
9114,21105-5,Balti jaam 5,,59.44115,24.74,,,,9114,2026-05-23,gtfs
1625,21105-6,Balti jaam 6,,59.44121,24.74025,,,,1625,2026-05-23,gtfs
1207,10007-1,Härjapea,,59.43787,24.71715,,,,1207,2026-05-23,gtfs
1208,10008-1,Härjapea,,59.43842,24.71679,,,,1208,2026-05-23,gtfs
1197,09904-1,Maisi,,59.44145,24.71351,,,,1197,2026-05-23,gtfs
1198,09905-1,Maisi,,59.44167,24.71354,,,,1198,2026-05-23,gtfs
1205,10005-1,Pelgulinn,,59.43541,24.72077,,,,1205,2026-05-23,gtfs
1206,10006-1,Pelgulinn,,59.43609,24.72016,,,,1206,2026-05-23,gtfs
1199,09906-1,Rukki,,59.44525,24.71094,,,,1199,2026-05-23,gtfs
1200,09907-1,Rukki,,59.44574,24.71087,,,,1200,2026-05-23,gtfs
1181,09704-1,Standard,,59.448,24.71134,,,,1181,2026-05-23,gtfs
1167,09404-1,Niidi,,59.44946,24.69904,,,,1167,2026-05-23,gtfs
1178,09701-1,Niidi,,59.44953,24.69943,,,,1178,2026-05-23,gtfs
1179,09702-1,Sitsi,,59.45301,24.70319,,,,1179,2026-05-23,gtfs
1180,09703-1,Sitsi,,59.45315,24.70303,,,,1180,2026-05-23,gtfs
1202,10002-1,Ädala,,59.43613,24.71174,,,,1202,2026-05-23,gtfs
1209,10101-1,Ädala,,59.43548,24.71198,,,,1209,2026-05-23,gtfs
129020,09606-1,Ehte,,59.44707,24.70033,,,,156,2026-05-23,gtfs
129021,09607-1,Ehte,,59.44592,24.70108,,,,157,2026-05-23,gtfs
1194,09901-1,Kolde puiestee,,59.44015,24.70749,,,,1194,2026-05-23,gtfs
1210,10201-1,Kolde puiestee,,59.43926,24.70791,,,,1210,2026-05-23,gtfs
1165,09402-1,Lõime,,59.45199,24.69406,,,,1165,2026-05-23,gtfs
1170,09503-1,Lõime,,59.45235,24.69314,,,,1170,2026-05-23,gtfs
1164,09401-1,Madala,,59.44931,24.69799,,,,1164,2026-05-23,gtfs
1171,09504-1,Madala,,59.44932,24.69751,,,,1171,2026-05-23,gtfs
1195,09902-1,Nisu,,59.44315,24.70439,,,,1195,2026-05-23,gtfs
1211,10202-1,Nisu,,59.44275,24.70435,,,,1211,2026-05-23,gtfs
1201,10001-1,Sõle,,59.43315,24.71577,,,,1201,2026-05-23,gtfs
1216,10305-1,Kalamaja,,59.44607,24.73821,,,,1216,2026-05-23,gtfs
1239,11003-1,Kelmiküla,,59.4362,24.72806,,,,1239,2026-05-23,gtfs
1981,21102-1,Balti jaam,,59.43975,24.73748,,,,1981,2026-05-23,gtfs
1192,09811-1,Erika,,59.45221,24.71846,,,,1192,2026-05-23,gtfs
1193,09812-1,Erika,,59.45305,24.71698,,,,1193,2026-05-23,gtfs
1217,10306-1,Kalamaja,,59.44463,24.73714,,,,1217,2026-05-23,gtfs
1189,09808-1,Karjamaa,,59.45364,24.71285,,,,1189,2026-05-23,gtfs
1190,09809-1,Karjamaa,,59.45386,24.71169,,,,1190,2026-05-23,gtfs
1214,10303-1,Kungla,,59.44738,24.72953,,,,1214,2026-05-23,gtfs
1215,10304-1,Kungla,,59.44778,24.72892,,,,1215,2026-05-23,gtfs
1187,09806-1,Tööstuse,,59.45375,24.70505,,,,1187,2026-05-23,gtfs
1188,09807-1,Tööstuse,,59.45399,24.70621,,,,1188,2026-05-23,gtfs
1212,10301-1,Volta,,59.44902,24.72567,,,,1212,2026-05-23,gtfs
1213,10302-1,Volta,,59.44987,24.72426,,,,1213,2026-05-23,gtfs
2866,20809-1,Aiaotsa,,59.49647,24.9113,,,,2866,2026-05-23,gtfs
2867,20808-1,Aiaotsa,,59.49684,24.911,,,,2867,2026-05-23,gtfs
2870,20812-1,Muuga,,59.48746,24.92761,,,,2870,2026-05-23,gtfs
2868,20811-1,Vesiniidu,,59.4908,24.91534,,,,2868,2026-05-23,gtfs
2869,20810-1,Vesiniidu,,59.4907,24.91596,,,,2869,2026-05-23,gtfs
9604,23655-1,Viimsi vallamaja,,59.4991,24.83638,,,,9604,2026-05-23,gtfs
2864,20807-1,Hansunõmme,,59.49805,24.90269,,,,2864,2026-05-23,gtfs
2865,20806-1,Hansunõmme,,59.4979,24.90169,,,,2865,2026-05-23,gtfs
10280,23661-1,Karulaugu,,59.51288,24.83564,,,,10280,2026-05-23,gtfs
138867,23709-1,Karulaugu,,59.51463,24.83676,,,,5719,2026-05-23,gtfs
4218,23641-1,Krillimäe,,59.51929,24.84234,,,,4218,2026-05-23,gtfs
4219,23642-1,Krillimäe,,59.51866,24.8397,,,,4219,2026-05-23,gtfs
2862,20805-1,Metsakasti,,59.49417,24.8937,,,,2862,2026-05-23,gtfs
2863,20804-1,Metsakasti,,59.4941,24.89382,,,,2863,2026-05-23,gtfs
1605,20802-1,Mõisapargi,,59.50619,24.82979,,,,1605,2026-05-23,gtfs
3117,20823-1,Mõisapargi,,59.50404,24.82818,,,,3117,2026-05-23,gtfs
4354,23650-1,Viimsi kool,,59.50806,24.8316,,,,4354,2026-05-23,gtfs
9811,23682-1,Viimsi keskus 2,,59.5091,24.82948,,,,9811,2026-05-23,gtfs
1617,16507-1,Iru,,59.46088,24.90639,,,,1617,2026-05-23,gtfs
